County,State,FIPS Code,Formatted FIPS,Estimated percent of workers with a work commute of more than an
Autauga,AL,1001,01001,4.29
Baldwin,AL,1003,01003,7.61
Barbour,AL,1005,01005,8.42
Bibb,AL,1007,01007,10.19
Blount,AL,1009,01009,17.77
Bullock,AL,1011,01011,11.96
Butler,AL,1013,01013,7.11
Calhoun,AL,1015,01015,7.95
Chambers,AL,1017,01017,5.94
Cherokee,AL,1019,01019,10.23
Chilton,AL,1021,01021,16.07
Choctaw,AL,1023,01023,19.11
Clarke,AL,1025,01025,12.24
Clay,AL,1027,01027,15.51
Cleburne,AL,1029,01029,13.11
Coffee,AL,1031,01031,4.78
Colbert,AL,1033,01033,6.77
Conecuh,AL,1035,01035,10.8
Coosa,AL,1037,01037,11.36
Covington,AL,1039,01039,8.9
Crenshaw,AL,1041,01041,13.84
Cullman,AL,1043,01043,12.45
Dale,AL,1045,01045,4.36
Dallas,AL,1047,01047,9.64
DeKalb,AL,1049,01049,6.95
Elmore,AL,1051,01051,5.3
Escambia,AL,1053,01053,8.09
Etowah,AL,1055,01055,8.07
Fayette,AL,1057,01057,16.42
Franklin,AL,1059,01059,11.3
Geneva,AL,1061,01061,9.96
Greene,AL,1063,01063,26.45
Hale,AL,1065,01065,11.39
Henry,AL,1067,01067,7.78
Houston,AL,1069,01069,3.35
Jackson,AL,1071,01071,8.48
Jefferson,AL,1073,01073,4.27
Lamar,AL,1075,01075,9.04
Lauderdale,AL,1077,01077,8.78
Lawrence,AL,1079,01079,7.69
Lee,AL,1081,01081,4.79
Limestone,AL,1083,01083,5.57
Lowndes,AL,1085,01085,10.1
Macon,AL,1087,01087,5.08
Madison,AL,1089,01089,1.86
Marengo,AL,1091,01091,11.57
Marion,AL,1093,01093,9.5
Marshall,AL,1095,01095,8.61
Mobile,AL,1097,01097,4.96
Monroe,AL,1099,01099,11.92
Montgomery,AL,1101,01101,3.29
Morgan,AL,1103,01103,4.21
Perry,AL,1105,01105,9.02
Pickens,AL,1107,01107,15.13
Pike,AL,1109,01109,5.99
Randolph,AL,1111,01111,10.55
Russell,AL,1113,01113,3.28
St. Clair,AL,1115,01115,6.89
Shelby,AL,1117,01117,8.75
Sumter,AL,1119,01119,10.7
Talladega,AL,1121,01121,8.72
Tallapoosa,AL,1123,01123,12.26
Tuscaloosa,AL,1125,01125,5.38
Walker,AL,1127,01127,13.16
Washington,AL,1129,01129,16.83
Wilcox,AL,1131,01131,11.76
Winston,AL,1133,01133,15.75
Aleutians East,AK,2013,02013,0
Aleutians West,AK,2016,02016,1.11
Anchorage,AK,2020,02020,2.63
Bethel,AK,2050,02050,0.36
Bristol Bay,AK,2060,02060,0.69
Denali,AK,2068,02068,6.24
Dillingham,AK,2070,02070,0.16
Fairbanks North Star,AK,2090,02090,2.88
Haines,AK,2100,02100,4.04
Hoonah-Angoon,AK,2105,02105,2.54
Juneau,AK,2110,02110,2.06
Kenai Peninsula,AK,2122,02122,4.8
Ketchikan Gateway,AK,2130,02130,1.36
Kodiak Island,AK,2150,02150,1.55
Lake and Peninsula,AK,2164,02164,1.49
Matanuska-Susitna,AK,2170,02170,20.7
Nome,AK,2180,02180,0.23
North Slope,AK,2185,02185,0.04
Northwest Arctic,AK,2188,02188,0.68
Petersburg,AK,2195,02195,0.67
Prince of Wales-Hyder,AK,2198,02198,8.29
Sitka,AK,2220,02220,1.6
Skagway,AK,2230,02230,0.29
Southeast Fairbanks,AK,2240,02240,2.99
Valdez-Cordova,AK,2261,02261,2.81
Wade Hampton,AK,2270,02270,0.76
Wrangell,AK,2275,02275,1.34
Yakutat,AK,2282,02282,0.65
Yukon-Koyukuk,AK,2290,02290,2.84
Apache,AZ,4001,04001,13.2
Cochise,AZ,4003,04003,5.92
Coconino,AZ,4005,04005,5.09
Gila,AZ,4007,04007,9
Graham,AZ,4009,04009,11.62
Greenlee,AZ,4011,04011,3.73
La Paz,AZ,4012,04012,2.01
Maricopa,AZ,4013,04013,7.1
Mohave,AZ,4015,04015,7.03
Navajo,AZ,4017,04017,8.44
Pima,AZ,4019,04019,4.82
Pinal,AZ,4021,04021,13.83
Santa Cruz,AZ,4023,04023,11.12
Yavapai,AZ,4025,04025,7.24
Yuma,AZ,4027,04027,4.54
Arkansas,AR,5001,05001,3.6
Ashley,AR,5003,05003,7.54
Baxter,AR,5005,05005,2.81
Benton,AR,5007,05007,2.16
Boone,AR,5009,05009,4.57
Bradley,AR,5011,05011,9.32
Calhoun,AR,5013,05013,3.98
Carroll,AR,5015,05015,7.56
Chicot,AR,5017,05017,4.61
Clark,AR,5019,05019,8.71
Clay,AR,5021,05021,7.08
Cleburne,AR,5023,05023,12.18
Cleveland,AR,5025,05025,14.26
Columbia,AR,5027,05027,4.23
Conway,AR,5029,05029,10.24
Craighead,AR,5031,05031,5.54
Crawford,AR,5033,05033,3.22
Crittenden,AR,5035,05035,3.22
Cross,AR,5037,05037,13.41
Dallas,AR,5039,05039,11.28
Desha,AR,5041,05041,3.71
Drew,AR,5043,05043,7.66
Faulkner,AR,5045,05045,5.3
Franklin,AR,5047,05047,9.64
Fulton,AR,5049,05049,4.88
Garland,AR,5051,05051,6.91
Grant,AR,5053,05053,10.68
Greene,AR,5055,05055,3.76
Hempstead,AR,5057,05057,4.21
Hot Spring,AR,5059,05059,8.58
Howard,AR,5061,05061,5.11
Independence,AR,5063,05063,4.05
Izard,AR,5065,05065,6.09
Jackson,AR,5067,05067,4.54
Jefferson,AR,5069,05069,4.73
Johnson,AR,5071,05071,4.3
Lafayette,AR,5073,05073,9.18
Lawrence,AR,5075,05075,9.48
Lee,AR,5077,05077,6.34
Lincoln,AR,5079,05079,5.72
Little River,AR,5081,05081,7.96
Logan,AR,5083,05083,10.55
Lonoke,AR,5085,05085,5.91
Madison,AR,5087,05087,16.5
Marion,AR,5089,05089,4.1
Miller,AR,5091,05091,3.5
Mississippi,AR,5093,05093,3.81
Monroe,AR,5095,05095,10.03
Montgomery,AR,5097,05097,16.01
Nevada,AR,5099,05099,7.56
Newton,AR,5101,05101,10.85
Ouachita,AR,5103,05103,5.43
Perry,AR,5105,05105,14.28
Phillips,AR,5107,05107,5.95
Pike,AR,5109,05109,9.96
Poinsett,AR,5111,05111,6.99
Polk,AR,5113,05113,7.8
Pope,AR,5115,05115,5.28
Prairie,AR,5117,05117,9.88
Pulaski,AR,5119,05119,2.99
Randolph,AR,5121,05121,10.58
St. Francis,AR,5123,05123,5.5
Saline,AR,5125,05125,3.94
Scott,AR,5127,05127,11.81
Searcy,AR,5129,05129,9.52
Sebastian,AR,5131,05131,3.06
Sevier,AR,5133,05133,10.73
Sharp,AR,5135,05135,5.52
Stone,AR,5137,05137,5.06
Union,AR,5139,05139,3.55
Van Buren,AR,5141,05141,14.76
Washington,AR,5143,05143,3.64
White,AR,5145,05145,10.01
Woodruff,AR,5147,05147,5.87
Yell,AR,5149,05149,4.64
Alameda,CA,6001,06001,18.53
Alpine,CA,6003,06003,1.93
Amador,CA,6005,06005,16.81
Butte,CA,6007,06007,5.65
Calaveras,CA,6009,06009,23.21
Colusa,CA,6011,06011,12.4
Contra Costa,CA,6013,06013,25.83
Del Norte,CA,6015,06015,3.06
El Dorado,CA,6017,06017,13.04
Fresno,CA,6019,06019,5.27
Glenn,CA,6021,06021,4.1
Humboldt,CA,6023,06023,4.1
Imperial,CA,6025,06025,6.49
Inyo,CA,6027,06027,3.68
Kern,CA,6029,06029,6.38
Kings,CA,6031,06031,5.81
Lake,CA,6033,06033,16.45
Lassen,CA,6035,06035,4.71
Los Angeles,CA,6037,06037,14.77
Madera,CA,6039,06039,11.2
Marin,CA,6041,06041,17.76
Mariposa,CA,6043,06043,11.54
Mendocino,CA,6045,06045,7.89
Merced,CA,6047,06047,14.77
Modoc,CA,6049,06049,3.77
Mono,CA,6051,06051,2.17
Monterey,CA,6053,06053,5.64
Napa,CA,6055,06055,11.05
Nevada,CA,6057,06057,9.47
Orange,CA,6059,06059,9.72
Placer,CA,6061,06061,9.08
Plumas,CA,6063,06063,8.21
Riverside,CA,6065,06065,19.17
Sacramento,CA,6067,06067,7.82
San Benito,CA,6069,06069,23.1
San Bernardino,CA,6071,06071,15.82
San Diego,CA,6073,06073,7.35
San Francisco,CA,6075,06075,15.12
San Joaquin,CA,6077,06077,21.08
San Luis Obispo,CA,6079,06079,4.7
San Mateo,CA,6081,06081,10.67
Santa Barbara,CA,6083,06083,5.05
Santa Clara,CA,6085,06085,10.62
Santa Cruz,CA,6087,06087,12.99
Shasta,CA,6089,06089,5.65
Sierra,CA,6091,06091,17.5
Siskiyou,CA,6093,06093,3.98
Solano,CA,6095,06095,19.17
Sonoma,CA,6097,06097,9.74
Stanislaus,CA,6099,06099,13.65
Sutter,CA,6101,06101,11.47
Tehama,CA,6103,06103,5.96
Trinity,CA,6105,06105,7.59
Tulare,CA,6107,06107,5.76
Tuolumne,CA,6109,06109,12.48
Ventura,CA,6111,06111,9.04
Yolo,CA,6113,06113,7.43
Yuba,CA,6115,06115,11.05
Adams,CO,8001,08001,9.62
Alamosa,CO,8003,08003,2.72
Arapahoe,CO,8005,08005,7.63
Archuleta,CO,8007,08007,5.21
Baca,CO,8009,08009,1.64
Bent,CO,8011,08011,3.45
Boulder,CO,8013,08013,5.95
Broomfield,CO,8014,08014,7.32
Chaffee,CO,8015,08015,6.24
Cheyenne,CO,8017,08017,3.17
Clear Creek,CO,8019,08019,11.46
Conejos,CO,8021,08021,3.04
Costilla,CO,8023,08023,4.32
Crowley,CO,8025,08025,6.24
Custer,CO,8027,08027,22.68
Delta,CO,8029,08029,14.45
Denver,CO,8031,08031,5.42
Dolores,CO,8033,08033,5.57
Douglas,CO,8035,08035,7.68
Eagle,CO,8037,08037,4.8
Elbert,CO,8039,08039,19.24
El Paso,CO,8041,08041,5.73
Fremont,CO,8043,08043,9.92
Garfield,CO,8045,08045,17.31
Gilpin,CO,8047,08047,30.34
Grand,CO,8049,08049,8.17
Gunnison,CO,8051,08051,4.09
Hinsdale,CO,8053,08053,1.12
Huerfano,CO,8055,08055,9.91
Jackson,CO,8057,08057,18.08
Jefferson,CO,8059,08059,7.63
Kiowa,CO,8061,08061,3.68
Kit Carson,CO,8063,08063,2.47
Lake,CO,8065,08065,17.1
La Plata,CO,8067,08067,4.13
Larimer,CO,8069,08069,6.95
Las Animas,CO,8071,08071,8.22
Lincoln,CO,8073,08073,9.29
Logan,CO,8075,08075,5.03
Mesa,CO,8077,08077,4.91
Mineral,CO,8079,08079,3.55
Moffat,CO,8081,08081,16.93
Montezuma,CO,8083,08083,7.77
Montrose,CO,8085,08085,7.29
Morgan,CO,8087,08087,7.57
Otero,CO,8089,08089,5.22
Ouray,CO,8091,08091,17.55
Park,CO,8093,08093,24.66
Phillips,CO,8095,08095,4.57
Pitkin,CO,8097,08097,4.67
Prowers,CO,8099,08099,3.37
Pueblo,CO,8101,08101,6.48
Rio Blanco,CO,8103,08103,7.61
Rio Grande,CO,8105,08105,4.58
Routt,CO,8107,08107,4.19
Saguache,CO,8109,08109,4.5
San Juan,CO,8111,08111,1.31
San Miguel,CO,8113,08113,3.09
Sedgwick,CO,8115,08115,8.2
Summit,CO,8117,08117,4.18
Teller,CO,8119,08119,15.53
Washington,CO,8121,08121,10.04
Weld,CO,8123,08123,10.04
Yuma,CO,8125,08125,4.05
Fairfield,CT,9001,09001,16.67
Hartford,CT,9003,09003,4.91
Litchfield,CT,9005,09005,11.37
Middlesex,CT,9007,09007,6.55
New Haven,CT,9009,09009,7.76
New London,CT,9011,09011,6.64
Tolland,CT,9013,09013,5.68
Windham,CT,9015,09015,8.47
Kent,DE,10001,10001,10.58
New Castle,DE,10003,10003,7.95
Sussex,DE,10005,10005,7.99
District of Columbia,DC,11001,11001,9.08
Alachua,FL,12001,12001,3.99
Baker,FL,12003,12003,12.35
Bay,FL,12005,12005,6.2
Bradford,FL,12007,12007,17.71
Brevard,FL,12009,12009,6.17
Broward,FL,12011,12011,9.2
Calhoun,FL,12013,12013,14.66
Charlotte,FL,12015,12015,7.3
Citrus,FL,12017,12017,8.39
Clay,FL,12019,12019,13.53
Collier,FL,12021,12021,5.12
Columbia,FL,12023,12023,7.23
DeSoto,FL,12027,12027,9.18
Dixie,FL,12029,12029,12.85
Duval,FL,12031,12031,4.51
Escambia,FL,12033,12033,4.23
Flagler,FL,12035,12035,7.94
Franklin,FL,12037,12037,6.81
Gadsden,FL,12039,12039,8.35
Gilchrist,FL,12041,12041,12.49
Glades,FL,12043,12043,22.08
Gulf,FL,12045,12045,7.21
Hamilton,FL,12047,12047,3.17
Hardee,FL,12049,12049,8.98
Hendry,FL,12051,12051,15.16
Hernando,FL,12053,12053,14.92
Highlands,FL,12055,12055,5.41
Hillsborough,FL,12057,12057,8.33
Holmes,FL,12059,12059,11.43
Indian River,FL,12061,12061,5.44
Jackson,FL,12063,12063,7.36
Jefferson,FL,12065,12065,5.83
Lafayette,FL,12067,12067,11.27
Lake,FL,12069,12069,10.32
Lee,FL,12071,12071,7.16
Leon,FL,12073,12073,2.77
Levy,FL,12075,12075,11.11
Liberty,FL,12077,12077,12.4
Madison,FL,12079,12079,9.27
Manatee,FL,12081,12081,6.35
Marion,FL,12083,12083,6.71
Martin,FL,12085,12085,6.52
Miami-Dade,FL,12086,12086,13.81
Monroe,FL,12087,12087,4.35
Nassau,FL,12089,12089,9.61
Okaloosa,FL,12091,12091,6.51
Okeechobee,FL,12093,12093,11.9
Orange,FL,12095,12095,6.46
Osceola,FL,12097,12097,12.82
Palm Beach,FL,12099,12099,7.1
Pasco,FL,12101,12101,14.78
Pinellas,FL,12103,12103,5.85
Polk,FL,12105,12105,8.95
Putnam,FL,12107,12107,16.41
St. Johns,FL,12109,12109,6.29
St. Lucie,FL,12111,12111,9.3
Santa Rosa,FL,12113,12113,7.6
Sarasota,FL,12115,12115,4.62
Seminole,FL,12117,12117,7.17
Sumter,FL,12119,12119,7.67
Suwannee,FL,12121,12121,10.04
Taylor,FL,12123,12123,11.46
Union,FL,12125,12125,7.26
Volusia,FL,12127,12127,9.35
Wakulla,FL,12129,12129,9.46
Walton,FL,12131,12131,12.67
Washington,FL,12133,12133,15.42
Appling,GA,13001,13001,7.53
Atkinson,GA,13003,13003,8.47
Bacon,GA,13005,13005,4.03
Baker,GA,13007,13007,12.84
Baldwin,GA,13009,13009,7.36
Banks,GA,13011,13011,11.68
Barrow,GA,13013,13013,16.2
Bartow,GA,13015,13015,12.54
Ben Hill,GA,13017,13017,1.48
Berrien,GA,13019,13019,3.68
Bibb,GA,13021,13021,4.56
Bleckley,GA,13023,13023,4.06
Brantley,GA,13025,13025,7.36
Brooks,GA,13027,13027,5.43
Bryan,GA,13029,13029,7.94
Bulloch,GA,13031,13031,7.3
Burke,GA,13033,13033,10.44
Butts,GA,13035,13035,16.67
Calhoun,GA,13037,13037,5.92
Camden,GA,13039,13039,5.36
Candler,GA,13043,13043,6.73
Carroll,GA,13045,13045,13.8
Catoosa,GA,13047,13047,3.67
Charlton,GA,13049,13049,15.8
Chatham,GA,13051,13051,4.17
Chattahoochee,GA,13053,13053,1.46
Chattooga,GA,13055,13055,8.34
Cherokee,GA,13057,13057,19.32
Clarke,GA,13059,13059,5.11
Clay,GA,13061,13061,9.72
Clayton,GA,13063,13063,13.77
Clinch,GA,13065,13065,4.3
Cobb,GA,13067,13067,13.24
Coffee,GA,13069,13069,4.35
Colquitt,GA,13071,13071,5.3
Columbia,GA,13073,13073,6.14
Cook,GA,13075,13075,7.53
Coweta,GA,13077,13077,12.85
Crawford,GA,13079,13079,3.49
Crisp,GA,13081,13081,6.95
Dade,GA,13083,13083,5.57
Dawson,GA,13085,13085,15.64
Decatur,GA,13087,13087,7.5
DeKalb,GA,13089,13089,12.21
Dodge,GA,13091,13091,13.98
Dooly,GA,13093,13093,4.09
Dougherty,GA,13095,13095,3.98
Douglas,GA,13097,13097,15.53
Early,GA,13099,13099,9.3
Echols,GA,13101,13101,2.56
Effingham,GA,13103,13103,9.67
Elbert,GA,13105,13105,6.2
Emanuel,GA,13107,13107,11.01
Evans,GA,13109,13109,10.67
Fannin,GA,13111,13111,12.08
Fayette,GA,13113,13113,14.06
Floyd,GA,13115,13115,5.96
Forsyth,GA,13117,13117,16.67
Franklin,GA,13119,13119,7.71
Fulton,GA,13121,13121,10.44
Gilmer,GA,13123,13123,19.58
Glascock,GA,13125,13125,14.94
Glynn,GA,13127,13127,4.19
Gordon,GA,13129,13129,6.84
Grady,GA,13131,13131,7.87
Greene,GA,13133,13133,9.61
Gwinnett,GA,13135,13135,16.32
Habersham,GA,13137,13137,11.55
Hall,GA,13139,13139,10.72
Hancock,GA,13141,13141,11.84
Haralson,GA,13143,13143,14.75
Harris,GA,13145,13145,5.27
Hart,GA,13147,13147,6.53
Heard,GA,13149,13149,17.09
Henry,GA,13151,13151,15.13
Houston,GA,13153,13153,4.29
Irwin,GA,13155,13155,7
Jackson,GA,13157,13157,12.38
Jasper,GA,13159,13159,15.48
Jeff Davis,GA,13161,13161,5.72
Jefferson,GA,13163,13163,13
Jenkins,GA,13165,13165,7.77
Johnson,GA,13167,13167,8.52
Jones,GA,13169,13169,5.51
Lamar,GA,13171,13171,13.13
Lanier,GA,13173,13173,2.61
Laurens,GA,13175,13175,7.78
Lee,GA,13177,13177,4.26
Liberty,GA,13179,13179,7.02
Lincoln,GA,13181,13181,19.75
Long,GA,13183,13183,17.64
Lowndes,GA,13185,13185,4.11
Lumpkin,GA,13187,13187,11.64
McDuffie,GA,13189,13189,5.54
McIntosh,GA,13191,13191,7.67
Macon,GA,13193,13193,9.11
Madison,GA,13195,13195,5.48
Marion,GA,13197,13197,10.89
Meriwether,GA,13199,13199,16.8
Miller,GA,13201,13201,6.36
Mitchell,GA,13205,13205,4.92
Monroe,GA,13207,13207,9.95
Montgomery,GA,13209,13209,7.66
Morgan,GA,13211,13211,11.4
Murray,GA,13213,13213,5.97
Muscogee,GA,13215,13215,3.91
Newton,GA,13217,13217,17.51
Oconee,GA,13219,13219,7.38
Oglethorpe,GA,13221,13221,6.33
Paulding,GA,13223,13223,22.86
Peach,GA,13225,13225,3.28
Pickens,GA,13227,13227,19.05
Pierce,GA,13229,13229,7.64
Pike,GA,13231,13231,18.24
Polk,GA,13233,13233,11.26
Pulaski,GA,13235,13235,3.69
Putnam,GA,13237,13237,12.48
Quitman,GA,13239,13239,11.03
Rabun,GA,13241,13241,10.13
Randolph,GA,13243,13243,14.49
Richmond,GA,13245,13245,3.47
Rockdale,GA,13247,13247,17.53
Schley,GA,13249,13249,10.72
Screven,GA,13251,13251,18.6
Seminole,GA,13253,13253,10.97
Spalding,GA,13255,13255,12.55
Stephens,GA,13257,13257,8.24
Stewart,GA,13259,13259,19.19
Sumter,GA,13261,13261,4.45
Talbot,GA,13263,13263,4.57
Taliaferro,GA,13265,13265,8.53
Tattnall,GA,13267,13267,8.59
Taylor,GA,13269,13269,16.64
Telfair,GA,13271,13271,6.35
Terrell,GA,13273,13273,7.5
Thomas,GA,13275,13275,5.8
Tift,GA,13277,13277,2.95
Toombs,GA,13279,13279,6.93
Towns,GA,13281,13281,4.71
Treutlen,GA,13283,13283,8.58
Troup,GA,13285,13285,8.52
Turner,GA,13287,13287,3.69
Twiggs,GA,13289,13289,9.79
Union,GA,13291,13291,8.9
Upson,GA,13293,13293,8.21
Walker,GA,13295,13295,5.4
Walton,GA,13297,13297,17.84
Ware,GA,13299,13299,4.66
Warren,GA,13301,13301,11.43
Washington,GA,13303,13303,7.79
Wayne,GA,13305,13305,9.83
Webster,GA,13307,13307,14.95
Wheeler,GA,13309,13309,6.68
White,GA,13311,13311,13.95
Whitfield,GA,13313,13313,2.89
Wilcox,GA,13315,13315,12.17
Wilkes,GA,13317,13317,14.95
Wilkinson,GA,13319,13319,8.92
Worth,GA,13321,13321,3.82
Hawaii,HI,15001,15001,9.66
Honolulu,HI,15003,15003,11.51
Kalawao,HI,15005,15005,0
Kauai,HI,15007,15007,4.26
Maui,HI,15009,15009,4.53
Ada,ID,16001,16001,2.67
Adams,ID,16003,16003,10.58
Bannock,ID,16005,16005,5.44
Bear Lake,ID,16007,16007,13.27
Benewah,ID,16009,16009,11.33
Bingham,ID,16011,16011,6.11
Blaine,ID,16013,16013,6.53
Boise,ID,16015,16015,20.56
Bonner,ID,16017,16017,9.36
Bonneville,ID,16019,16019,6.49
Boundary,ID,16021,16021,12.24
Butte,ID,16023,16023,6.09
Camas,ID,16025,16025,34.02
Canyon,ID,16027,16027,4.1
Caribou,ID,16029,16029,5.47
Cassia,ID,16031,16031,3.35
Clark,ID,16033,16033,5.76
Clearwater,ID,16035,16035,18.93
Custer,ID,16037,16037,8.91
Elmore,ID,16039,16039,5.21
Franklin,ID,16041,16041,9.72
Fremont,ID,16043,16043,10
Gem,ID,16045,16045,12.75
Gooding,ID,16047,16047,5
Idaho,ID,16049,16049,7.26
Jefferson,ID,16051,16051,7.23
Jerome,ID,16053,16053,2.87
Kootenai,ID,16055,16055,4.54
Latah,ID,16057,16057,3.91
Lemhi,ID,16059,16059,5.64
Lewis,ID,16061,16061,9.17
Lincoln,ID,16063,16063,20.09
Madison,ID,16065,16065,2.24
Minidoka,ID,16067,16067,3.78
Nez Perce,ID,16069,16069,3.26
Oneida,ID,16071,16071,9.8
Owyhee,ID,16073,16073,10.7
Payette,ID,16075,16075,7.14
Power,ID,16077,16077,3.74
Shoshone,ID,16079,16079,7.36
Teton,ID,16081,16081,10.78
Twin Falls,ID,16083,16083,3.87
Valley,ID,16085,16085,3.59
Washington,ID,16087,16087,6.12
Adams,IL,17001,17001,2.66
Alexander,IL,17003,17003,9.71
Bond,IL,17005,17005,11.7
Boone,IL,17007,17007,13.28
Brown,IL,17009,17009,3.27
Bureau,IL,17011,17011,6.71
Calhoun,IL,17013,17013,30.58
Carroll,IL,17015,17015,8.08
Cass,IL,17017,17017,5.37
Champaign,IL,17019,17019,2.29
Christian,IL,17021,17021,5.98
Clark,IL,17023,17023,7.54
Clay,IL,17025,17025,8.7
Clinton,IL,17027,17027,8.35
Coles,IL,17029,17029,4.34
Cook,IL,17031,17031,15.2
Crawford,IL,17033,17033,2.64
Cumberland,IL,17035,17035,5.23
DeKalb,IL,17037,17037,11.11
De Witt,IL,17039,17039,2.51
Douglas,IL,17041,17041,4.04
DuPage,IL,17043,17043,12.82
Edgar,IL,17045,17045,5.68
Edwards,IL,17047,17047,9.28
Effingham,IL,17049,17049,4.8
Fayette,IL,17051,17051,5.49
Ford,IL,17053,17053,5.36
Franklin,IL,17055,17055,7.19
Fulton,IL,17057,17057,7.44
Gallatin,IL,17059,17059,9.74
Greene,IL,17061,17061,13.92
Grundy,IL,17063,17063,11.25
Hamilton,IL,17065,17065,9.59
Hancock,IL,17067,17067,6.66
Hardin,IL,17069,17069,11.82
Henderson,IL,17071,17071,7.18
Henry,IL,17073,17073,4.73
Iroquois,IL,17075,17075,8.04
Jackson,IL,17077,17077,4.64
Jasper,IL,17079,17079,4.6
Jefferson,IL,17081,17081,4.12
Jersey,IL,17083,17083,13.14
Jo Daviess,IL,17085,17085,4.86
Johnson,IL,17087,17087,4.79
Kane,IL,17089,17089,11.73
Kankakee,IL,17091,17091,10.17
Kendall,IL,17093,17093,17.85
Knox,IL,17095,17095,4.74
Lake,IL,17097,17097,12.33
LaSalle,IL,17099,17099,8.91
Lawrence,IL,17101,17101,4.58
Lee,IL,17103,17103,6.78
Livingston,IL,17105,17105,5.85
Logan,IL,17107,17107,4.54
McDonough,IL,17109,17109,5.1
McHenry,IL,17111,17111,17.76
McLean,IL,17113,17113,3.25
Macon,IL,17115,17115,3.45
Macoupin,IL,17117,17117,10.95
Madison,IL,17119,17119,5.61
Marion,IL,17121,17121,4.45
Marshall,IL,17123,17123,7.03
Mason,IL,17125,17125,10.05
Massac,IL,17127,17127,4.61
Menard,IL,17129,17129,5.09
Mercer,IL,17131,17131,5.69
Monroe,IL,17133,17133,8.28
Montgomery,IL,17135,17135,11.91
Morgan,IL,17137,17137,4.55
Moultrie,IL,17139,17139,5.59
Ogle,IL,17141,17141,7.22
Peoria,IL,17143,17143,2.69
Perry,IL,17145,17145,7.33
Piatt,IL,17147,17147,2.73
Pike,IL,17149,17149,9.4
Pope,IL,17151,17151,25.12
Pulaski,IL,17153,17153,6.32
Putnam,IL,17155,17155,8.16
Randolph,IL,17157,17157,11.48
Richland,IL,17159,17159,4.39
Rock Island,IL,17161,17161,3.36
St. Clair,IL,17163,17163,5.86
Saline,IL,17165,17165,7.27
Sangamon,IL,17167,17167,3.92
Schuyler,IL,17169,17169,8.91
Scott,IL,17171,17171,11.87
Shelby,IL,17173,17173,7.5
Stark,IL,17175,17175,5.44
Stephenson,IL,17177,17177,6.24
Tazewell,IL,17179,17179,3.44
Union,IL,17181,17181,4.62
Vermilion,IL,17183,17183,3.72
Wabash,IL,17185,17185,5.07
Warren,IL,17187,17187,5.88
Washington,IL,17189,17189,7.93
Wayne,IL,17191,17191,8.84
White,IL,17193,17193,10.88
Whiteside,IL,17195,17195,4.2
Will,IL,17197,17197,16.34
Williamson,IL,17199,17199,5.69
Winnebago,IL,17201,17201,6.17
Woodford,IL,17203,17203,2.91
Adams,IN,18001,18001,6.97
Allen,IN,18003,18003,4.09
Bartholomew,IN,18005,18005,4.26
Benton,IN,18007,18007,6.84
Blackford,IN,18009,18009,7.09
Boone,IN,18011,18011,4.5
Brown,IN,18013,18013,14.99
Carroll,IN,18015,18015,6.78
Cass,IN,18017,18017,4.07
Clark,IN,18019,18019,3.75
Clay,IN,18021,18021,9.86
Clinton,IN,18023,18023,4.16
Crawford,IN,18025,18025,19.08
Daviess,IN,18027,18027,10.39
Dearborn,IN,18029,18029,8.2
Decatur,IN,18031,18031,7.69
DeKalb,IN,18033,18033,3.73
Delaware,IN,18035,18035,6.97
Dubois,IN,18037,18037,4.83
Elkhart,IN,18039,18039,2.27
Fayette,IN,18041,18041,10.44
Floyd,IN,18043,18043,2.87
Fountain,IN,18045,18045,6.62
Franklin,IN,18047,18047,10.52
Fulton,IN,18049,18049,7.97
Gibson,IN,18051,18051,3.51
Grant,IN,18053,18053,5.3
Greene,IN,18055,18055,9.48
Hamilton,IN,18057,18057,4.19
Hancock,IN,18059,18059,4.81
Harrison,IN,18061,18061,9.01
Hendricks,IN,18063,18063,5.93
Henry,IN,18065,18065,11.72
Howard,IN,18067,18067,6.4
Huntington,IN,18069,18069,3.7
Jackson,IN,18071,18071,5.36
Jasper,IN,18073,18073,12.85
Jay,IN,18075,18075,4.69
Jefferson,IN,18077,18077,8.88
Jennings,IN,18079,18079,5.82
Johnson,IN,18081,18081,6.14
Knox,IN,18083,18083,5.53
Kosciusko,IN,18085,18085,3.75
LaGrange,IN,18087,18087,6.48
Lake,IN,18089,18089,11.49
LaPorte,IN,18091,18091,7.57
Lawrence,IN,18093,18093,6.22
Madison,IN,18095,18095,8.06
Marion,IN,18097,18097,4.02
Marshall,IN,18099,18099,5.92
Martin,IN,18101,18101,4.53
Miami,IN,18103,18103,7.46
Monroe,IN,18105,18105,5.15
Montgomery,IN,18107,18107,6.38
Morgan,IN,18109,18109,8.49
Newton,IN,18111,18111,13.21
Noble,IN,18113,18113,3.55
Ohio,IN,18115,18115,13.59
Orange,IN,18117,18117,12.11
Owen,IN,18119,18119,14.13
Parke,IN,18121,18121,11.07
Perry,IN,18123,18123,9.91
Pike,IN,18125,18125,3.56
Porter,IN,18127,18127,9.36
Posey,IN,18129,18129,3.64
Pulaski,IN,18131,18131,11.25
Putnam,IN,18133,18133,10.57
Randolph,IN,18135,18135,7.93
Ripley,IN,18137,18137,12.94
Rush,IN,18139,18139,8.64
St. Joseph,IN,18141,18141,3.13
Scott,IN,18143,18143,5.65
Shelby,IN,18145,18145,6.34
Spencer,IN,18147,18147,7.93
Starke,IN,18149,18149,13.47
Steuben,IN,18151,18151,6.22
Sullivan,IN,18153,18153,4.87
Switzerland,IN,18155,18155,22.31
Tippecanoe,IN,18157,18157,3.28
Tipton,IN,18159,18159,7.83
Union,IN,18161,18161,10.98
Vanderburgh,IN,18163,18163,2.85
Vermillion,IN,18165,18165,7.33
Vigo,IN,18167,18167,5.01
Wabash,IN,18169,18169,6.35
Warren,IN,18171,18171,6.62
Warrick,IN,18173,18173,4.57
Washington,IN,18175,18175,12.99
Wayne,IN,18177,18177,7.09
Wells,IN,18179,18179,3.94
White,IN,18181,18181,7.69
Whitley,IN,18183,18183,4.41
Adair,IA,19001,19001,10.89
Adams,IA,19003,19003,6.83
Allamakee,IA,19005,19005,7.35
Appanoose,IA,19007,19007,8.08
Audubon,IA,19009,19009,5.55
Benton,IA,19011,19011,4.01
Black Hawk,IA,19013,19013,2.74
Boone,IA,19015,19015,4.37
Bremer,IA,19017,19017,3
Buchanan,IA,19019,19019,4.96
Buena Vista,IA,19021,19021,2.32
Butler,IA,19023,19023,3.82
Calhoun,IA,19025,19025,3.55
Carroll,IA,19027,19027,2.4
Cass,IA,19029,19029,7.35
Cedar,IA,19031,19031,5.52
Cerro Gordo,IA,19033,19033,3.36
Cherokee,IA,19035,19035,3.58
Chickasaw,IA,19037,19037,5.98
Clarke,IA,19039,19039,10.41
Clay,IA,19041,19041,3.6
Clayton,IA,19043,19043,6.94
Clinton,IA,19045,19045,3.76
Crawford,IA,19047,19047,3.19
Dallas,IA,19049,19049,2.75
Davis,IA,19051,19051,6.27
Decatur,IA,19053,19053,12.94
Delaware,IA,19055,19055,7.46
Des Moines,IA,19057,19057,2.8
Dickinson,IA,19059,19059,2.26
Dubuque,IA,19061,19061,2.94
Emmet,IA,19063,19063,4.16
Fayette,IA,19065,19065,4.79
Floyd,IA,19067,19067,2.67
Franklin,IA,19069,19069,3.03
Fremont,IA,19071,19071,7.86
Greene,IA,19073,19073,4.31
Grundy,IA,19075,19075,4.83
Guthrie,IA,19077,19077,13.08
Hamilton,IA,19079,19079,3.74
Hancock,IA,19081,19081,4.04
Hardin,IA,19083,19083,4.34
Harrison,IA,19085,19085,10.11
Henry,IA,19087,19087,3.85
Howard,IA,19089,19089,5.44
Humboldt,IA,19091,19091,3.8
Ida,IA,19093,19093,7.3
Iowa,IA,19095,19095,5.61
Jackson,IA,19097,19097,6.47
Jasper,IA,19099,19099,4
Jefferson,IA,19101,19101,2.34
Johnson,IA,19103,19103,2.45
Jones,IA,19105,19105,9.57
Keokuk,IA,19107,19107,6.78
Kossuth,IA,19109,19109,1.63
Lee,IA,19111,19111,3.05
Linn,IA,19113,19113,2.77
Louisa,IA,19115,19115,3.9
Lucas,IA,19117,19117,11.92
Lyon,IA,19119,19119,2.75
Madison,IA,19121,19121,6.61
Mahaska,IA,19123,19123,4.76
Marion,IA,19125,19125,5.57
Marshall,IA,19127,19127,5.82
Mills,IA,19129,19129,3.3
Mitchell,IA,19131,19131,6.11
Monona,IA,19133,19133,6.52
Monroe,IA,19135,19135,6.17
Montgomery,IA,19137,19137,7.11
Muscatine,IA,19139,19139,2.61
O'Brien,IA,19141,19141,3.14
Osceola,IA,19143,19143,4.6
Page,IA,19145,19145,4.69
Palo Alto,IA,19147,19147,2.61
Plymouth,IA,19149,19149,3.04
Pocahontas,IA,19151,19151,5.09
Polk,IA,19153,19153,1.98
Pottawattamie,IA,19155,19155,3.47
Poweshiek,IA,19157,19157,8.23
Ringgold,IA,19159,19159,7.55
Sac,IA,19161,19161,4.77
Scott,IA,19163,19163,2.34
Shelby,IA,19165,19165,6.41
Sioux,IA,19167,19167,2.58
Story,IA,19169,19169,2.94
Tama,IA,19171,19171,5.91
Taylor,IA,19173,19173,6.62
Union,IA,19175,19175,5.27
Van Buren,IA,19177,19177,4.91
Wapello,IA,19179,19179,4.86
Warren,IA,19181,19181,3.94
Washington,IA,19183,19183,3.81
Wayne,IA,19185,19185,9.1
Webster,IA,19187,19187,3.26
Winnebago,IA,19189,19189,3.4
Winneshiek,IA,19191,19191,4.53
Woodbury,IA,19193,19193,3.1
Worth,IA,19195,19195,3.11
Wright,IA,19197,19197,4.07
Allen,KS,20001,20001,6.25
Anderson,KS,20003,20003,15.57
Atchison,KS,20005,20005,9.63
Barber,KS,20007,20007,3.79
Barton,KS,20009,20009,4.62
Bourbon,KS,20011,20011,6.5
Brown,KS,20013,20013,5.37
Butler,KS,20015,20015,4.56
Chase,KS,20017,20017,7.36
Chautauqua,KS,20019,20019,6.68
Cherokee,KS,20021,20021,2.29
Cheyenne,KS,20023,20023,2.95
Clark,KS,20025,20025,3.03
Clay,KS,20027,20027,7.1
Cloud,KS,20029,20029,4.63
Coffey,KS,20031,20031,8.91
Comanche,KS,20033,20033,2.22
Cowley,KS,20035,20035,6.22
Crawford,KS,20037,20037,2.56
Decatur,KS,20039,20039,4.16
Dickinson,KS,20041,20041,4.06
Doniphan,KS,20043,20043,6.84
Douglas,KS,20045,20045,3.56
Edwards,KS,20047,20047,5.22
Elk,KS,20049,20049,18.17
Ellis,KS,20051,20051,2.48
Ellsworth,KS,20053,20053,7
Finney,KS,20055,20055,2.91
Ford,KS,20057,20057,1.65
Franklin,KS,20059,20059,7.6
Geary,KS,20061,20061,2.48
Gove,KS,20063,20063,2.97
Graham,KS,20065,20065,5.71
Grant,KS,20067,20067,4.78
Gray,KS,20069,20069,2.42
Greeley,KS,20071,20071,1.68
Greenwood,KS,20073,20073,11.38
Hamilton,KS,20075,20075,3.9
Harper,KS,20077,20077,6.27
Harvey,KS,20079,20079,2.09
Haskell,KS,20081,20081,4.38
Hodgeman,KS,20083,20083,2.52
Jackson,KS,20085,20085,5.54
Jefferson,KS,20087,20087,9.6
Jewell,KS,20089,20089,2.26
Johnson,KS,20091,20091,2.16
Kearny,KS,20093,20093,0.75
Kingman,KS,20095,20095,6.43
Kiowa,KS,20097,20097,3.74
Labette,KS,20099,20099,2.48
Lane,KS,20101,20101,5.1
Leavenworth,KS,20103,20103,3.5
Lincoln,KS,20105,20105,4.07
Linn,KS,20107,20107,22.74
Logan,KS,20109,20109,6.27
Lyon,KS,20111,20111,4.42
McPherson,KS,20113,20113,1.39
Marion,KS,20115,20115,6.56
Marshall,KS,20117,20117,3.29
Meade,KS,20119,20119,4.44
Miami,KS,20121,20121,7.02
Mitchell,KS,20123,20123,1.58
Montgomery,KS,20125,20125,2.85
Morris,KS,20127,20127,7.8
Morton,KS,20129,20129,9.01
Nemaha,KS,20131,20131,3.58
Neosho,KS,20133,20133,3.27
Ness,KS,20135,20135,3.85
Norton,KS,20137,20137,5.04
Osage,KS,20139,20139,11.9
Osborne,KS,20141,20141,2.95
Ottawa,KS,20143,20143,3.73
Pawnee,KS,20145,20145,2.69
Phillips,KS,20147,20147,3.97
Pottawatomie,KS,20149,20149,7.61
Pratt,KS,20151,20151,3.64
Rawlins,KS,20153,20153,2.25
Reno,KS,20155,20155,4.64
Republic,KS,20157,20157,7.19
Rice,KS,20159,20159,2.66
Riley,KS,20161,20161,2.52
Rooks,KS,20163,20163,4.02
Rush,KS,20165,20165,4.62
Russell,KS,20167,20167,4.47
Saline,KS,20169,20169,2.52
Scott,KS,20171,20171,1.88
Sedgwick,KS,20173,20173,2.5
Seward,KS,20175,20175,5.78
Shawnee,KS,20177,20177,3.08
Sheridan,KS,20179,20179,5.06
Sherman,KS,20181,20181,1.68
Smith,KS,20183,20183,3.63
Stafford,KS,20185,20185,5.63
Stanton,KS,20187,20187,0
Stevens,KS,20189,20189,2.95
Sumner,KS,20191,20191,3.46
Thomas,KS,20193,20193,1.91
Trego,KS,20195,20195,6.99
Wabaunsee,KS,20197,20197,3.85
Wallace,KS,20199,20199,3.4
Washington,KS,20201,20201,4.52
Wichita,KS,20203,20203,3.93
Wilson,KS,20205,20205,2.61
Woodson,KS,20207,20207,4.36
Wyandotte,KS,20209,20209,2.61
Adair,KY,21001,21001,10.11
Allen,KY,21003,21003,4
Anderson,KY,21005,21005,5.75
Ballard,KY,21007,21007,4.33
Barren,KY,21009,21009,3.95
Bath,KY,21011,21011,12.32
Bell,KY,21013,21013,5.52
Boone,KY,21015,21015,5.4
Bourbon,KY,21017,21017,4.02
Boyd,KY,21019,21019,5.43
Boyle,KY,21021,21021,7.54
Bracken,KY,21023,21023,25.14
Breathitt,KY,21025,21025,17.61
Breckinridge,KY,21027,21027,18.34
Bullitt,KY,21029,21029,3.99
Butler,KY,21031,21031,8.39
Caldwell,KY,21033,21033,9.38
Calloway,KY,21035,21035,3.67
Campbell,KY,21037,21037,3.57
Carlisle,KY,21039,21039,7.25
Carroll,KY,21041,21041,3.58
Carter,KY,21043,21043,10.39
Casey,KY,21045,21045,10.89
Christian,KY,21047,21047,4.67
Clark,KY,21049,21049,4.64
Clay,KY,21051,21051,15.31
Clinton,KY,21053,21053,3.45
Crittenden,KY,21055,21055,12.49
Cumberland,KY,21057,21057,5.16
Daviess,KY,21059,21059,5.53
Edmonson,KY,21061,21061,7
Elliott,KY,21063,21063,26.59
Estill,KY,21065,21065,14.03
Fayette,KY,21067,21067,3.89
Fleming,KY,21069,21069,13.6
Floyd,KY,21071,21071,6.75
Franklin,KY,21073,21073,3.91
Fulton,KY,21075,21075,4.07
Gallatin,KY,21077,21077,7
Garrard,KY,21079,21079,16.39
Grant,KY,21081,21081,10.39
Graves,KY,21083,21083,3.67
Grayson,KY,21085,21085,11.67
Green,KY,21087,21087,8.51
Greenup,KY,21089,21089,5.46
Hancock,KY,21091,21091,3.79
Hardin,KY,21093,21093,5.83
Harlan,KY,21095,21095,8.73
Harrison,KY,21097,21097,9.76
Hart,KY,21099,21099,13.5
Henderson,KY,21101,21101,5.14
Henry,KY,21103,21103,5.91
Hickman,KY,21105,21105,2.74
Hopkins,KY,21107,21107,6.32
Jackson,KY,21109,21109,18.8
Jefferson,KY,21111,21111,3.41
Jessamine,KY,21113,21113,3.75
Johnson,KY,21115,21115,11.03
Kenton,KY,21117,21117,4.46
Knott,KY,21119,21119,12.85
Knox,KY,21121,21121,8.14
Larue,KY,21123,21123,7.04
Laurel,KY,21125,21125,4.52
Lawrence,KY,21127,21127,10.87
Lee,KY,21129,21129,23.82
Leslie,KY,21131,21131,15.33
Letcher,KY,21133,21133,11.61
Lewis,KY,21135,21135,22.15
Lincoln,KY,21137,21137,12.07
Livingston,KY,21139,21139,3.81
Logan,KY,21141,21141,7.37
Lyon,KY,21143,21143,7.01
McCracken,KY,21145,21145,3.3
McCreary,KY,21147,21147,10.37
McLean,KY,21149,21149,7.29
Madison,KY,21151,21151,6.05
Magoffin,KY,21153,21153,19.63
Marion,KY,21155,21155,5.16
Marshall,KY,21157,21157,4.22
Martin,KY,21159,21159,16.92
Mason,KY,21161,21161,11.07
Meade,KY,21163,21163,13.94
Menifee,KY,21165,21165,13.5
Mercer,KY,21167,21167,9.85
Metcalfe,KY,21169,21169,6.52
Monroe,KY,21171,21171,11.79
Montgomery,KY,21173,21173,7.34
Morgan,KY,21175,21175,17.77
Muhlenberg,KY,21177,21177,9.9
Nelson,KY,21179,21179,10.42
Nicholas,KY,21181,21181,21.6
Ohio,KY,21183,21183,7.54
Oldham,KY,21185,21185,5.65
Owen,KY,21187,21187,13.88
Owsley,KY,21189,21189,17.76
Pendleton,KY,21191,21191,15.11
Perry,KY,21193,21193,6.05
Pike,KY,21195,21195,8.22
Powell,KY,21197,21197,15.68
Pulaski,KY,21199,21199,6.18
Robertson,KY,21201,21201,24.34
Rockcastle,KY,21203,21203,8.23
Rowan,KY,21205,21205,9.38
Russell,KY,21207,21207,4.92
Scott,KY,21209,21209,3.71
Shelby,KY,21211,21211,4.91
Simpson,KY,21213,21213,4.89
Spencer,KY,21215,21215,7.75
Taylor,KY,21217,21217,4.39
Todd,KY,21219,21219,6.13
Trigg,KY,21221,21221,5.45
Trimble,KY,21223,21223,2.13
Union,KY,21225,21225,8.99
Warren,KY,21227,21227,5.49
Washington,KY,21229,21229,9.1
Wayne,KY,21231,21231,6.28
Webster,KY,21233,21233,7.58
Whitley,KY,21235,21235,6.52
Wolfe,KY,21237,21237,18.85
Woodford,KY,21239,21239,2.2
Acadia,LA,22001,22001,9.3
Allen,LA,22003,22003,16.21
Ascension,LA,22005,22005,10.74
Assumption,LA,22007,22007,15.62
Avoyelles,LA,22009,22009,13.78
Beauregard,LA,22011,22011,12.07
Bienville,LA,22013,22013,12.31
Bossier,LA,22015,22015,3.81
Caddo,LA,22017,22017,4.04
Calcasieu,LA,22019,22019,4.81
Caldwell,LA,22021,22021,11.27
Cameron,LA,22023,22023,9.94
Catahoula,LA,22025,22025,11.06
Claiborne,LA,22027,22027,10.81
Concordia,LA,22029,22029,8.29
De Soto,LA,22031,22031,8.13
East Baton Rouge,LA,22033,22033,5.54
East Carroll,LA,22035,22035,0.68
East Feliciana,LA,22037,22037,12.42
Evangeline,LA,22039,22039,12.4
Franklin,LA,22041,22041,7.18
Grant,LA,22043,22043,7.84
Iberia,LA,22045,22045,6.95
Iberville,LA,22047,22047,8.08
Jackson,LA,22049,22049,12.16
Jefferson,LA,22051,22051,5.83
Jefferson Davis,LA,22053,22053,12.81
Lafayette,LA,22055,22055,7.17
Lafourche,LA,22057,22057,11.78
La Salle,LA,22059,22059,19.05
Lincoln,LA,22061,22061,4.9
Livingston,LA,22063,22063,15.05
Madison,LA,22065,22065,2.28
Morehouse,LA,22067,22067,7.66
Natchitoches,LA,22069,22069,6.79
Orleans,LA,22071,22071,6.49
Ouachita,LA,22073,22073,3.23
Plaquemines,LA,22075,22075,10.9
Pointe Coupee,LA,22077,22077,17.26
Rapides,LA,22079,22079,5.99
Red River,LA,22081,22081,13.66
Richland,LA,22083,22083,4.33
Sabine,LA,22085,22085,17.2
St. Bernard,LA,22087,22087,7.73
St. Charles,LA,22089,22089,7.5
St. Helena,LA,22091,22091,26.21
St. James,LA,22093,22093,9.33
St. John the Baptist,LA,22095,22095,11.65
St. Landry,LA,22097,22097,9.73
St. Martin,LA,22099,22099,9
St. Mary,LA,22101,22101,7.15
St. Tammany,LA,22103,22103,14.16
Tangipahoa,LA,22105,22105,18.2
Tensas,LA,22107,22107,1.59
Terrebonne,LA,22109,22109,9.97
Union,LA,22111,22111,7.23
Vermilion,LA,22113,22113,10.66
Vernon,LA,22115,22115,5.74
Washington,LA,22117,22117,13.97
Webster,LA,22119,22119,8.09
West Baton Rouge,LA,22121,22121,5.14
West Carroll,LA,22123,22123,6.55
West Feliciana,LA,22125,22125,11.65
Winn,LA,22127,22127,12.45
Androscoggin,ME,23001,23001,5.55
Aroostook,ME,23003,23003,4.72
Cumberland,ME,23005,23005,4.6
Franklin,ME,23007,23007,9.92
Hancock,ME,23009,23009,6.75
Kennebec,ME,23011,23011,6.36
Knox,ME,23013,23013,3.8
Lincoln,ME,23015,23015,7.37
Oxford,ME,23017,23017,11.52
Penobscot,ME,23019,23019,5.77
Piscataquis,ME,23021,23021,12.8
Sagadahoc,ME,23023,23023,5.18
Somerset,ME,23025,23025,9.36
Waldo,ME,23027,23027,9.43
Washington,ME,23029,23029,6.68
York,ME,23031,23031,7.85
Allegany,MD,24001,24001,7.09
Anne Arundel,MD,24003,24003,14.07
Baltimore,MD,24005,24005,9.4
Calvert,MD,24009,24009,30.8
Caroline,MD,24011,24011,16.52
Carroll,MD,24013,24013,20.23
Cecil,MD,24015,24015,11.23
Charles,MD,24017,24017,35.74
Dorchester,MD,24019,24019,9.61
Frederick,MD,24021,24021,22.78
Garrett,MD,24023,24023,7.97
Harford,MD,24025,24025,13.4
Howard,MD,24027,24027,12.83
Kent,MD,24029,24029,15.84
Montgomery,MD,24031,24031,17.03
Prince George's,MD,24033,24033,20.43
Queen Anne's,MD,24035,24035,23.5
St. Mary's,MD,24037,24037,16.12
Somerset,MD,24039,24039,6.93
Talbot,MD,24041,24041,14.98
Washington,MD,24043,24043,13.46
Wicomico,MD,24045,24045,5.79
Worcester,MD,24047,24047,6.25
Baltimore City,MD,24510,24510,13.12
Barnstable,MA,25001,25001,8.6
Berkshire,MA,25003,25003,4.66
Bristol,MA,25005,25005,12.88
Dukes,MA,25007,25007,0.7
Essex,MA,25009,25009,15.62
Franklin,MA,25011,25011,6.91
Hampden,MA,25013,25013,4.7
Hampshire,MA,25015,25015,4.71
Middlesex,MA,25017,25017,13.05
Nantucket,MA,25019,25019,1.69
Norfolk,MA,25021,25021,18.68
Plymouth,MA,25023,25023,19.58
Suffolk,MA,25025,25025,12.47
Worcester,MA,25027,25027,13.01
Alcona,MI,26001,26001,5.61
Alger,MI,26003,26003,10.64
Allegan,MI,26005,26005,3.96
Alpena,MI,26007,26007,2.6
Antrim,MI,26009,26009,6.97
Arenac,MI,26011,26011,12.12
Baraga,MI,26013,26013,5.65
Barry,MI,26015,26015,6.74
Bay,MI,26017,26017,5.22
Benzie,MI,26019,26019,5.88
Berrien,MI,26021,26021,4.18
Branch,MI,26023,26023,6.27
Calhoun,MI,26025,26025,4.3
Cass,MI,26027,26027,4.78
Charlevoix,MI,26029,26029,3.72
Cheboygan,MI,26031,26031,8.31
Chippewa,MI,26033,26033,3.36
Clare,MI,26035,26035,9.27
Clinton,MI,26037,26037,4.78
Crawford,MI,26039,26039,5.9
Delta,MI,26041,26041,6.59
Dickinson,MI,26043,26043,3.81
Eaton,MI,26045,26045,4.47
Emmet,MI,26047,26047,3.42
Genesee,MI,26049,26049,10.45
Gladwin,MI,26051,26051,9.71
Gogebic,MI,26053,26053,5.84
Grand Traverse,MI,26055,26055,4.01
Gratiot,MI,26057,26057,8.4
Hillsdale,MI,26059,26059,8.44
Houghton,MI,26061,26061,2.88
Huron,MI,26063,26063,6.09
Ingham,MI,26065,26065,5.35
Ionia,MI,26067,26067,5.72
Iosco,MI,26069,26069,5.51
Iron,MI,26071,26071,8.7
Isabella,MI,26073,26073,4.76
Jackson,MI,26075,26075,6.56
Kalamazoo,MI,26077,26077,3.86
Kalkaska,MI,26079,26079,8.54
Kent,MI,26081,26081,3.59
Keweenaw,MI,26083,26083,4.31
Lake,MI,26085,26085,8.46
Lapeer,MI,26087,26087,19.02
Leelanau,MI,26089,26089,4.36
Lenawee,MI,26091,26091,10.58
Livingston,MI,26093,26093,14.01
Luce,MI,26095,26095,3.38
Mackinac,MI,26097,26097,7.12
Macomb,MI,26099,26099,7.54
Manistee,MI,26101,26101,6.11
Marquette,MI,26103,26103,3.47
Mason,MI,26105,26105,3.34
Mecosta,MI,26107,26107,9.08
Menominee,MI,26109,26109,4.92
Midland,MI,26111,26111,4.47
Missaukee,MI,26113,26113,6.67
Monroe,MI,26115,26115,5.91
Montcalm,MI,26117,26117,12.36
Montmorency,MI,26119,26119,7.76
Muskegon,MI,26121,26121,4.42
Newaygo,MI,26123,26123,11.57
Oakland,MI,26125,26125,6.59
Oceana,MI,26127,26127,6
Ogemaw,MI,26129,26129,9.4
Ontonagon,MI,26131,26131,11.16
Osceola,MI,26133,26133,6.77
Oscoda,MI,26135,26135,6.54
Otsego,MI,26137,26137,4.88
Ottawa,MI,26139,26139,2.88
Presque Isle,MI,26141,26141,8.67
Roscommon,MI,26143,26143,10.1
Saginaw,MI,26145,26145,5.13
St. Clair,MI,26147,26147,14.39
St. Joseph,MI,26149,26149,4.83
Sanilac,MI,26151,26151,13.02
Schoolcraft,MI,26153,26153,6.15
Shiawassee,MI,26155,26155,9.14
Tuscola,MI,26157,26157,13.46
Van Buren,MI,26159,26159,5.48
Washtenaw,MI,26161,26161,5.41
Wayne,MI,26163,26163,5.49
Wexford,MI,26165,26165,6.53
Aitkin,MN,27001,27001,11.45
Anoka,MN,27003,27003,6.87
Becker,MN,27005,27005,7.17
Beltrami,MN,27007,27007,5.34
Benton,MN,27009,27009,7.34
Big Stone,MN,27011,27011,3.37
Blue Earth,MN,27013,27013,4.1
Brown,MN,27015,27015,3.41
Carlton,MN,27017,27017,5.35
Carver,MN,27019,27019,5.93
Cass,MN,27021,27021,6.21
Chippewa,MN,27023,27023,3.23
Chisago,MN,27025,27025,15.81
Clay,MN,27027,27027,3.8
Clearwater,MN,27029,27029,8.66
Cook,MN,27031,27031,1.92
Cottonwood,MN,27033,27033,4.29
Crow Wing,MN,27035,27035,5.63
Dakota,MN,27037,27037,4.53
Dodge,MN,27039,27039,5.04
Douglas,MN,27041,27041,4.23
Faribault,MN,27043,27043,4.76
Fillmore,MN,27045,27045,8.93
Freeborn,MN,27047,27047,5.4
Goodhue,MN,27049,27049,8.46
Grant,MN,27051,27051,4.38
Hennepin,MN,27053,27053,3.75
Houston,MN,27055,27055,4.55
Hubbard,MN,27057,27057,6.4
Isanti,MN,27059,27059,20.53
Itasca,MN,27061,27061,7.33
Jackson,MN,27063,27063,2.59
Kanabec,MN,27065,27065,18.29
Kandiyohi,MN,27067,27067,4.22
Kittson,MN,27069,27069,10.29
Koochiching,MN,27071,27071,4.16
Lac qui Parle,MN,27073,27073,5.79
Lake,MN,27075,27075,6.07
Lake of the Woods,MN,27077,27077,6.33
Le Sueur,MN,27079,27079,9.03
Lincoln,MN,27081,27081,5.01
Lyon,MN,27083,27083,3.05
McLeod,MN,27085,27085,9.66
Mahnomen,MN,27087,27087,4.11
Marshall,MN,27089,27089,6.91
Martin,MN,27091,27091,3.91
Meeker,MN,27093,27093,9.14
Mille Lacs,MN,27095,27095,15.27
Morrison,MN,27097,27097,8.61
Mower,MN,27099,27099,3.79
Murray,MN,27101,27101,4.79
Nicollet,MN,27103,27103,4.78
Nobles,MN,27105,27105,3.48
Norman,MN,27107,27107,10.87
Olmsted,MN,27109,27109,3.34
Otter Tail,MN,27111,27111,6.64
Pennington,MN,27113,27113,2.9
Pine,MN,27115,27115,17.91
Pipestone,MN,27117,27117,7.15
Polk,MN,27119,27119,4.71
Pope,MN,27121,27121,3.68
Ramsey,MN,27123,27123,4.38
Red Lake,MN,27125,27125,6.18
Redwood,MN,27127,27127,4.19
Renville,MN,27129,27129,4.31
Rice,MN,27131,27131,7.33
Rock,MN,27133,27133,2.51
Roseau,MN,27135,27135,3.32
St. Louis,MN,27137,27137,4.48
Scott,MN,27139,27139,5.04
Sherburne,MN,27141,27141,15.02
Sibley,MN,27143,27143,8.68
Stearns,MN,27145,27145,6.19
Steele,MN,27147,27147,5.1
Stevens,MN,27149,27149,2.71
Swift,MN,27151,27151,3.61
Todd,MN,27153,27153,8.28
Traverse,MN,27155,27155,4.34
Wabasha,MN,27157,27157,6.76
Wadena,MN,27159,27159,5.73
Waseca,MN,27161,27161,5.43
Washington,MN,27163,27163,4.75
Watonwan,MN,27165,27165,4.48
Wilkin,MN,27167,27167,2.86
Winona,MN,27169,27169,3.81
Wright,MN,27171,27171,11.91
Yellow Medicine,MN,27173,27173,3.12
Adams,MS,28001,28001,7.82
Alcorn,MS,28003,28003,7.24
Amite,MS,28005,28005,22.73
Attala,MS,28007,28007,20.86
Benton,MS,28009,28009,12.41
Bolivar,MS,28011,28011,4.8
Calhoun,MS,28013,28013,8.48
Carroll,MS,28015,28015,9.01
Chickasaw,MS,28017,28017,6.5
Choctaw,MS,28019,28019,15.41
Claiborne,MS,28021,28021,7.48
Clarke,MS,28023,28023,8.88
Clay,MS,28025,28025,6.19
Coahoma,MS,28027,28027,7.09
Copiah,MS,28029,28029,14.28
Covington,MS,28031,28031,8.65
DeSoto,MS,28033,28033,4.21
Forrest,MS,28035,28035,5.38
Franklin,MS,28037,28037,14.6
George,MS,28039,28039,22.79
Greene,MS,28041,28041,15.02
Grenada,MS,28043,28043,7.94
Hancock,MS,28045,28045,11.09
Harrison,MS,28047,28047,5.12
Hinds,MS,28049,28049,3.32
Holmes,MS,28051,28051,11.14
Humphreys,MS,28053,28053,11.52
Issaquena,MS,28055,28055,10.82
Itawamba,MS,28057,28057,4.2
Jackson,MS,28059,28059,5.52
Jasper,MS,28061,28061,13.22
Jefferson,MS,28063,28063,6
Jefferson Davis,MS,28065,28065,19.48
Jones,MS,28067,28067,4.47
Kemper,MS,28069,28069,7.64
Lafayette,MS,28071,28071,7.02
Lamar,MS,28073,28073,8.29
Lauderdale,MS,28075,28075,3.35
Lawrence,MS,28077,28077,16.14
Leake,MS,28079,28079,13.77
Lee,MS,28081,28081,3.32
Leflore,MS,28083,28083,2.94
Lincoln,MS,28085,28085,14.71
Lowndes,MS,28087,28087,4.02
Madison,MS,28089,28089,3.18
Marion,MS,28091,28091,17.92
Marshall,MS,28093,28093,4.99
Monroe,MS,28095,28095,4.56
Montgomery,MS,28097,28097,7.72
Neshoba,MS,28099,28099,10.01
Newton,MS,28101,28101,10.93
Noxubee,MS,28103,28103,12.5
Oktibbeha,MS,28105,28105,4.12
Panola,MS,28107,28107,8.62
Pearl River,MS,28109,28109,20.94
Perry,MS,28111,28111,11.25
Pike,MS,28113,28113,7.96
Pontotoc,MS,28115,28115,5.98
Prentiss,MS,28117,28117,8.56
Quitman,MS,28119,28119,5.77
Rankin,MS,28121,28121,4.81
Scott,MS,28123,28123,8.92
Sharkey,MS,28125,28125,8.99
Simpson,MS,28127,28127,14.38
Smith,MS,28129,28129,14.69
Stone,MS,28131,28131,14.05
Sunflower,MS,28133,28133,4.28
Tallahatchie,MS,28135,28135,9.8
Tate,MS,28137,28137,11.58
Tippah,MS,28139,28139,9.11
Tishomingo,MS,28141,28141,6.49
Tunica,MS,28143,28143,5.48
Union,MS,28145,28145,3.46
Walthall,MS,28147,28147,15.24
Warren,MS,28149,28149,4.79
Washington,MS,28151,28151,2.02
Wayne,MS,28153,28153,15.85
Webster,MS,28155,28155,10.35
Wilkinson,MS,28157,28157,19.11
Winston,MS,28159,28159,10.57
Yalobusha,MS,28161,28161,9.71
Yazoo,MS,28163,28163,7.33
Adair,MO,29001,29001,3.4
Andrew,MO,29003,29003,7.23
Atchison,MO,29005,29005,5.41
Audrain,MO,29007,29007,6.58
Barry,MO,29009,29009,7.79
Barton,MO,29011,29011,6.39
Bates,MO,29013,29013,19.62
Benton,MO,29015,29015,14.09
Bollinger,MO,29017,29017,13.09
Boone,MO,29019,29019,2.29
Buchanan,MO,29021,29021,4.31
Butler,MO,29023,29023,3.94
Caldwell,MO,29025,29025,19.88
Callaway,MO,29027,29027,4.6
Camden,MO,29029,29029,6.83
Cape Girardeau,MO,29031,29031,4.9
Carroll,MO,29033,29033,12.15
Carter,MO,29035,29035,10.41
Cass,MO,29037,29037,6.07
Cedar,MO,29039,29039,11.13
Chariton,MO,29041,29041,10.55
Christian,MO,29043,29043,3.45
Clark,MO,29045,29045,7.02
Clay,MO,29047,29047,3
Clinton,MO,29049,29049,13.32
Cole,MO,29051,29051,2.6
Cooper,MO,29053,29053,7.56
Crawford,MO,29055,29055,12.42
Dade,MO,29057,29057,10.88
Dallas,MO,29059,29059,8.62
Daviess,MO,29061,29061,14.23
DeKalb,MO,29063,29063,7.05
Dent,MO,29065,29065,9.12
Douglas,MO,29067,29067,16.43
Dunklin,MO,29069,29069,6.58
Franklin,MO,29071,29071,12.8
Gasconade,MO,29073,29073,12.63
Gentry,MO,29075,29075,9.77
Greene,MO,29077,29077,3
Grundy,MO,29079,29079,2.86
Harrison,MO,29081,29081,9.08
Henry,MO,29083,29083,12.22
Hickory,MO,29085,29085,19.18
Holt,MO,29087,29087,3.61
Howard,MO,29089,29089,7.09
Howell,MO,29091,29091,4.57
Iron,MO,29093,29093,13.25
Jackson,MO,29095,29095,3.47
Jasper,MO,29097,29097,2.72
Jefferson,MO,29099,29099,10.21
Johnson,MO,29101,29101,7.15
Knox,MO,29103,29103,7.04
Laclede,MO,29105,29105,4.6
Lafayette,MO,29107,29107,12.44
Lawrence,MO,29109,29109,4.42
Lewis,MO,29111,29111,5.04
Lincoln,MO,29113,29113,14.95
Linn,MO,29115,29115,6.02
Livingston,MO,29117,29117,3.61
McDonald,MO,29119,29119,6.27
Macon,MO,29121,29121,5.19
Madison,MO,29123,29123,14.91
Maries,MO,29125,29125,15.31
Marion,MO,29127,29127,4.21
Mercer,MO,29129,29129,5.18
Miller,MO,29131,29131,9.08
Mississippi,MO,29133,29133,3.55
Moniteau,MO,29135,29135,7.86
Monroe,MO,29137,29137,11.71
Montgomery,MO,29139,29139,15.29
Morgan,MO,29141,29141,9
New Madrid,MO,29143,29143,6.1
Newton,MO,29145,29145,4.48
Nodaway,MO,29147,29147,3.42
Oregon,MO,29149,29149,6.19
Osage,MO,29151,29151,5.45
Ozark,MO,29153,29153,12.73
Pemiscot,MO,29155,29155,2.48
Perry,MO,29157,29157,7.17
Pettis,MO,29159,29159,5.33
Phelps,MO,29161,29161,4.51
Pike,MO,29163,29163,12.06
Platte,MO,29165,29165,2.94
Polk,MO,29167,29167,6.27
Pulaski,MO,29169,29169,2.68
Putnam,MO,29171,29171,11.27
Ralls,MO,29173,29173,4.64
Randolph,MO,29175,29175,4.71
Ray,MO,29177,29177,10.62
Reynolds,MO,29179,29179,8.15
Ripley,MO,29181,29181,6.95
St. Charles,MO,29183,29183,4.11
St. Clair,MO,29185,29185,13.73
Ste. Genevieve,MO,29186,29186,15.18
St. Francois,MO,29187,29187,13.27
St. Louis,MO,29189,29189,3.81
Saline,MO,29195,29195,5.39
Schuyler,MO,29197,29197,8.99
Scotland,MO,29199,29199,6.38
Scott,MO,29201,29201,4.41
Shannon,MO,29203,29203,9.65
Shelby,MO,29205,29205,7.1
Stoddard,MO,29207,29207,6.91
Stone,MO,29209,29209,8.39
Sullivan,MO,29211,29211,2.81
Taney,MO,29213,29213,5.71
Texas,MO,29215,29215,6.01
Vernon,MO,29217,29217,4.73
Warren,MO,29219,29219,13.15
Washington,MO,29221,29221,18.58
Wayne,MO,29223,29223,11.82
Webster,MO,29225,29225,5.57
Worth,MO,29227,29227,14.32
Wright,MO,29229,29229,11.5
St. Louis City,MO,29510,29510,5.64
Beaverhead,MT,30001,30001,5.59
Big Horn,MT,30003,30003,6.14
Blaine,MT,30005,30005,3.18
Broadwater,MT,30007,30007,7.19
Carbon,MT,30009,30009,11.54
Carter,MT,30011,30011,3.84
Cascade,MT,30013,30013,2.14
Chouteau,MT,30015,30015,4.39
Custer,MT,30017,30017,3.64
Daniels,MT,30019,30019,1.62
Dawson,MT,30021,30021,5.84
Deer Lodge,MT,30023,30023,3.34
Fallon,MT,30025,30025,4.02
Fergus,MT,30027,30027,3.23
Flathead,MT,30029,30029,2.58
Gallatin,MT,30031,30031,4.74
Garfield,MT,30033,30033,1.93
Glacier,MT,30035,30035,1.38
Golden Valley,MT,30037,30037,24.66
Granite,MT,30039,30039,9.8
Hill,MT,30041,30041,1.52
Jefferson,MT,30043,30043,4.45
Judith Basin,MT,30045,30045,10.19
Lake,MT,30047,30047,4.24
Lewis and Clark,MT,30049,30049,2.97
Liberty,MT,30051,30051,2.75
Lincoln,MT,30053,30053,5.18
McCone,MT,30055,30055,4.75
Madison,MT,30057,30057,7.85
Meagher,MT,30059,30059,1.52
Mineral,MT,30061,30061,10.94
Missoula,MT,30063,30063,3.29
Musselshell,MT,30065,30065,23.84
Park,MT,30067,30067,9.88
Petroleum,MT,30069,30069,2.7
Phillips,MT,30071,30071,5.5
Pondera,MT,30073,30073,3.17
Powder River,MT,30075,30075,6.37
Powell,MT,30077,30077,8.24
Prairie,MT,30079,30079,2.51
Ravalli,MT,30081,30081,9.12
Richland,MT,30083,30083,6.1
Roosevelt,MT,30085,30085,3.66
Rosebud,MT,30087,30087,2.84
Sanders,MT,30089,30089,7.86
Sheridan,MT,30091,30091,5.43
Silver Bow,MT,30093,30093,3.22
Stillwater,MT,30095,30095,11.48
Sweet Grass,MT,30097,30097,12.82
Teton,MT,30099,30099,6.87
Toole,MT,30101,30101,3.23
Treasure,MT,30103,30103,9.62
Valley,MT,30105,30105,4.15
Wheatland,MT,30107,30107,2.11
Wibaux,MT,30109,30109,9.27
Yellowstone,MT,30111,30111,3.38
Adams,NE,31001,31001,3.63
Antelope,NE,31003,31003,2.41
Arthur,NE,31005,31005,12.34
Banner,NE,31007,31007,5.58
Blaine,NE,31009,31009,7.31
Boone,NE,31011,31011,3.7
Box Butte,NE,31013,31013,1.91
Boyd,NE,31015,31015,10.28
Brown,NE,31017,31017,4.95
Buffalo,NE,31019,31019,3.53
Burt,NE,31021,31021,9.38
Butler,NE,31023,31023,6.89
Cass,NE,31025,31025,3.77
Cedar,NE,31027,31027,3.06
Chase,NE,31029,31029,1.95
Cherry,NE,31031,31031,3.69
Cheyenne,NE,31033,31033,3.3
Clay,NE,31035,31035,3.4
Colfax,NE,31037,31037,4.15
Cuming,NE,31039,31039,3.24
Custer,NE,31041,31041,3.09
Dakota,NE,31043,31043,2.85
Dawes,NE,31045,31045,4.38
Dawson,NE,31047,31047,5.74
Deuel,NE,31049,31049,3.66
Dixon,NE,31051,31051,4.76
Dodge,NE,31053,31053,4.81
Douglas,NE,31055,31055,2.39
Dundy,NE,31057,31057,4.17
Fillmore,NE,31059,31059,4.79
Franklin,NE,31061,31061,5.66
Frontier,NE,31063,31063,4.27
Furnas,NE,31065,31065,2.41
Gage,NE,31067,31067,4.86
Garden,NE,31069,31069,6.4
Garfield,NE,31071,31071,4.35
Gosper,NE,31073,31073,6.49
Grant,NE,31075,31075,9.67
Greeley,NE,31077,31077,8.13
Hall,NE,31079,31079,3.08
Hamilton,NE,31081,31081,4.32
Harlan,NE,31083,31083,5.56
Hayes,NE,31085,31085,6.73
Hitchcock,NE,31087,31087,6.34
Holt,NE,31089,31089,3.12
Hooker,NE,31091,31091,2.94
Howard,NE,31093,31093,5.79
Jefferson,NE,31095,31095,5.19
Johnson,NE,31097,31097,10.09
Kearney,NE,31099,31099,1.92
Keith,NE,31101,31101,3.45
Keya Paha,NE,31103,31103,3.47
Kimball,NE,31105,31105,5.63
Knox,NE,31107,31107,3.95
Lancaster,NE,31109,31109,3.2
Lincoln,NE,31111,31111,2.38
Logan,NE,31113,31113,7.47
Loup,NE,31115,31115,9.31
McPherson,NE,31117,31117,8.28
Madison,NE,31119,31119,2.47
Merrick,NE,31121,31121,1.76
Morrill,NE,31123,31123,3.62
Nance,NE,31125,31125,6.77
Nemaha,NE,31127,31127,5
Nuckolls,NE,31129,31129,4.51
Otoe,NE,31131,31131,5.67
Pawnee,NE,31133,31133,8.33
Perkins,NE,31135,31135,1.94
Phelps,NE,31137,31137,3.54
Pierce,NE,31139,31139,3.72
Platte,NE,31141,31141,2.23
Polk,NE,31143,31143,4.33
Red Willow,NE,31145,31145,4.18
Richardson,NE,31147,31147,2.86
Rock,NE,31149,31149,1.05
Saline,NE,31151,31151,4.08
Sarpy,NE,31153,31153,2.16
Saunders,NE,31155,31155,4.72
Scotts Bluff,NE,31157,31157,2.14
Seward,NE,31159,31159,2.79
Sheridan,NE,31161,31161,3.4
Sherman,NE,31163,31163,8.1
Sioux,NE,31165,31165,4
Stanton,NE,31167,31167,2.22
Thayer,NE,31169,31169,1.98
Thomas,NE,31171,31171,1.58
Thurston,NE,31173,31173,3.28
Valley,NE,31175,31175,5.7
Washington,NE,31177,31177,3.04
Wayne,NE,31179,31179,4.76
Webster,NE,31181,31181,3.18
Wheeler,NE,31183,31183,1.58
York,NE,31185,31185,4.28
Churchill,NV,32001,32001,9.23
Clark,NV,32003,32003,4.64
Douglas,NV,32005,32005,7.58
Elko,NV,32007,32007,21.65
Esmeralda,NV,32009,32009,5.97
Eureka,NV,32011,32011,22.81
Humboldt,NV,32013,32013,17.8
Lander,NV,32015,32015,13.85
Lincoln,NV,32017,32017,12.6
Lyon,NV,32019,32019,10.9
Mineral,NV,32021,32021,3.61
Nye,NV,32023,32023,17.86
Pershing,NV,32027,32027,9.49
Storey,NV,32029,32029,7.05
Washoe,NV,32031,32031,4.44
White Pine,NV,32033,32033,4.85
Carson City,NV,32510,32510,4.82
Belknap,NH,33001,33001,8.87
Carroll,NH,33003,33003,11.01
Cheshire,NH,33005,33005,7.46
Coos,NH,33007,33007,6.63
Grafton,NH,33009,33009,6.8
Hillsborough,NH,33011,33011,11.13
Merrimack,NH,33013,33013,8.65
Rockingham,NH,33015,33015,12.66
Strafford,NH,33017,33017,8.46
Sullivan,NH,33019,33019,4.53
Atlantic,NJ,34001,34001,8.26
Bergen,NJ,34003,34003,19.77
Burlington,NJ,34005,34005,12.35
Camden,NJ,34007,34007,10.49
Cape May,NJ,34009,34009,7.86
Cumberland,NJ,34011,34011,7.93
Essex,NJ,34013,34013,19.82
Gloucester,NJ,34015,34015,12.23
Hudson,NJ,34017,34017,18.69
Hunterdon,NJ,34019,34019,18.26
Mercer,NJ,34021,34021,12.84
Middlesex,NJ,34023,34023,18.86
Monmouth,NJ,34025,34025,21.37
Morris,NJ,34027,34027,14.43
Ocean,NJ,34029,34029,15.88
Passaic,NJ,34031,34031,10.46
Salem,NJ,34033,34033,8.73
Somerset,NJ,34035,34035,14.55
Sussex,NJ,34037,34037,24.09
Union,NJ,34039,34039,16.1
Warren,NJ,34041,34041,20.85
Bernalillo,NM,35001,35001,4.43
Catron,NM,35003,35003,3.9
Chaves,NM,35005,35005,5.13
Cibola,NM,35006,35006,9.04
Colfax,NM,35007,35007,5.56
Curry,NM,35009,35009,1.61
De Baca,NM,35011,35011,7.19
Doa Ana,NM,35013,35013,4.65
Eddy,NM,35015,35015,7.01
Grant,NM,35017,35017,3.49
Guadalupe,NM,35019,35019,7.84
Harding,NM,35021,35021,16.78
Hidalgo,NM,35023,35023,9.35
Lea,NM,35025,35025,9.3
Lincoln,NM,35027,35027,4.23
Los Alamos,NM,35028,35028,1.47
Luna,NM,35029,35029,9.03
McKinley,NM,35031,35031,7.25
Mora,NM,35033,35033,38.72
Otero,NM,35035,35035,4.87
Quay,NM,35037,35037,6.61
Rio Arriba,NM,35039,35039,8.46
Roosevelt,NM,35041,35041,2.49
Sandoval,NM,35043,35043,7.1
San Juan,NM,35045,35045,7.62
San Miguel,NM,35047,35047,7.19
Santa Fe,NM,35049,35049,5.06
Sierra,NM,35051,35051,8.35
Socorro,NM,35053,35053,5.02
Taos,NM,35055,35055,7.38
Torrance,NM,35057,35057,20.19
Union,NM,35059,35059,5.92
Valencia,NM,35061,35061,6.61
Albany,NY,36001,36001,2.97
Allegany,NY,36003,36003,6.64
Bronx,NY,36005,36005,36.43
Broome,NY,36007,36007,4.06
Cattaraugus,NY,36009,36009,7.48
Cayuga,NY,36011,36011,5.52
Chautauqua,NY,36013,36013,3.5
Chemung,NY,36015,36015,4.73
Chenango,NY,36017,36017,7.97
Clinton,NY,36019,36019,5.32
Columbia,NY,36021,36021,8.51
Cortland,NY,36023,36023,4.16
Delaware,NY,36025,36025,8.36
Dutchess,NY,36027,36027,17.31
Erie,NY,36029,36029,3.22
Essex,NY,36031,36031,8.4
Franklin,NY,36033,36033,6.13
Fulton,NY,36035,36035,9.71
Genesee,NY,36037,36037,5.02
Greene,NY,36039,36039,9.87
Hamilton,NY,36041,36041,12.27
Herkimer,NY,36043,36043,5.21
Jefferson,NY,36045,36045,2.66
Kings,NY,36047,36047,28.37
Lewis,NY,36049,36049,7.94
Livingston,NY,36051,36051,7.03
Madison,NY,36053,36053,4.59
Monroe,NY,36055,36055,2.98
Montgomery,NY,36057,36057,6.86
Nassau,NY,36059,36059,24.19
New York,NY,36061,36061,11.3
Niagara,NY,36063,36063,3.1
Oneida,NY,36065,36065,4.45
Onondaga,NY,36067,36067,3.26
Ontario,NY,36069,36069,4.27
Orange,NY,36071,36071,19.05
Orleans,NY,36073,36073,8.07
Oswego,NY,36075,36075,5.68
Otsego,NY,36077,36077,5.95
Putnam,NY,36079,36079,22.92
Queens,NY,36081,36081,31.48
Rensselaer,NY,36083,36083,4.27
Richmond,NY,36085,36085,36.27
Rockland,NY,36087,36087,17.29
St. Lawrence,NY,36089,36089,5.02
Saratoga,NY,36091,36091,4.84
Schenectady,NY,36093,36093,3.76
Schoharie,NY,36095,36095,13.87
Schuyler,NY,36097,36097,3.8
Seneca,NY,36099,36099,5.2
Steuben,NY,36101,36101,6.27
Suffolk,NY,36103,36103,15.76
Sullivan,NY,36105,36105,14.19
Tioga,NY,36107,36107,4.18
Tompkins,NY,36109,36109,3.27
Ulster,NY,36111,36111,11.45
Warren,NY,36113,36113,7.4
Washington,NY,36115,36115,8.66
Wayne,NY,36117,36117,4.74
Westchester,NY,36119,36119,22.26
Wyoming,NY,36121,36121,8.49
Yates,NY,36123,36123,6.89
Alamance,NC,37001,37001,5.42
Alexander,NC,37003,37003,5.56
Alleghany,NC,37005,37005,8.1
Anson,NC,37007,37007,9.61
Ashe,NC,37009,37009,6.52
Avery,NC,37011,37011,3.71
Beaufort,NC,37013,37013,8.27
Bertie,NC,37015,37015,10.75
Bladen,NC,37017,37017,6.46
Brunswick,NC,37019,37019,5.4
Buncombe,NC,37021,37021,2.8
Burke,NC,37023,37023,4.73
Cabarrus,NC,37025,37025,7.02
Caldwell,NC,37027,37027,5.28
Camden,NC,37029,37029,16.85
Carteret,NC,37031,37031,5.86
Caswell,NC,37033,37033,10.15
Catawba,NC,37035,37035,6.08
Chatham,NC,37037,37037,10.39
Cherokee,NC,37039,37039,7.9
Chowan,NC,37041,37041,10.12
Clay,NC,37043,37043,6.22
Cleveland,NC,37045,37045,6.4
Columbus,NC,37047,37047,9.17
Craven,NC,37049,37049,4.74
Cumberland,NC,37051,37051,4.34
Currituck,NC,37053,37053,16.86
Dare,NC,37055,37055,7.08
Davidson,NC,37057,37057,5.08
Davie,NC,37059,37059,6.82
Duplin,NC,37061,37061,10.31
Durham,NC,37063,37063,4.41
Edgecombe,NC,37065,37065,7.19
Forsyth,NC,37067,37067,4.07
Franklin,NC,37069,37069,14.22
Gaston,NC,37071,37071,6.27
Gates,NC,37073,37073,22.62
Graham,NC,37075,37075,12.83
Granville,NC,37077,37077,7.41
Greene,NC,37079,37079,6.23
Guilford,NC,37081,37081,3.92
Halifax,NC,37083,37083,7.02
Harnett,NC,37085,37085,11.27
Haywood,NC,37087,37087,3.36
Henderson,NC,37089,37089,3.42
Hertford,NC,37091,37091,14.83
Hoke,NC,37093,37093,6.61
Hyde,NC,37095,37095,11.69
Iredell,NC,37097,37097,9.44
Jackson,NC,37099,37099,4.89
Johnston,NC,37101,37101,12.79
Jones,NC,37103,37103,8.24
Lee,NC,37105,37105,8.65
Lenoir,NC,37107,37107,6.98
Lincoln,NC,37109,37109,10.41
McDowell,NC,37111,37111,5.03
Macon,NC,37113,37113,5.53
Madison,NC,37115,37115,8.53
Martin,NC,37117,37117,6.45
Mecklenburg,NC,37119,37119,5.83
Mitchell,NC,37121,37121,8.12
Montgomery,NC,37123,37123,7.72
Moore,NC,37125,37125,6.67
Nash,NC,37127,37127,6.1
New Hanover,NC,37129,37129,4.08
Northampton,NC,37131,37131,8.6
Onslow,NC,37133,37133,3.88
Orange,NC,37135,37135,3.85
Pamlico,NC,37137,37137,8.79
Pasquotank,NC,37139,37139,18.44
Pender,NC,37141,37141,7.08
Perquimans,NC,37143,37143,19.44
Person,NC,37145,37145,14.13
Pitt,NC,37147,37147,4.88
Polk,NC,37149,37149,5.37
Randolph,NC,37151,37151,4.34
Richmond,NC,37153,37153,6.66
Robeson,NC,37155,37155,7.26
Rockingham,NC,37157,37157,6.55
Rowan,NC,37159,37159,8.29
Rutherford,NC,37161,37161,9.3
Sampson,NC,37163,37163,11.09
Scotland,NC,37165,37165,6.98
Stanly,NC,37167,37167,11.52
Stokes,NC,37169,37169,8.24
Surry,NC,37171,37171,9.27
Swain,NC,37173,37173,3.85
Transylvania,NC,37175,37175,5.96
Tyrrell,NC,37177,37177,20.67
Union,NC,37179,37179,10.14
Vance,NC,37181,37181,10.68
Wake,NC,37183,37183,5.13
Warren,NC,37185,37185,10.3
Washington,NC,37187,37187,8.32
Watauga,NC,37189,37189,3.96
Wayne,NC,37191,37191,6.13
Wilkes,NC,37193,37193,9.46
Wilson,NC,37195,37195,6.83
Yadkin,NC,37197,37197,6.71
Yancey,NC,37199,37199,13.86
Adams,ND,38001,38001,4.7
Barnes,ND,38003,38003,4.62
Benson,ND,38005,38005,2.53
Billings,ND,38007,38007,9.75
Bottineau,ND,38009,38009,4.65
Bowman,ND,38011,38011,5.31
Burke,ND,38013,38013,9.63
Burleigh,ND,38015,38015,4.12
Cass,ND,38017,38017,2.34
Cavalier,ND,38019,38019,3.97
Dickey,ND,38021,38021,4.09
Divide,ND,38023,38023,9.29
Dunn,ND,38025,38025,8.77
Eddy,ND,38027,38027,3.89
Emmons,ND,38029,38029,6.9
Foster,ND,38031,38031,3.35
Golden Valley,ND,38033,38033,5.5
Grand Forks,ND,38035,38035,2.78
Grant,ND,38037,38037,10.68
Griggs,ND,38039,38039,4.27
Hettinger,ND,38041,38041,6.32
Kidder,ND,38043,38043,6.95
LaMoure,ND,38045,38045,3.83
Logan,ND,38047,38047,4.21
McHenry,ND,38049,38049,7.93
McIntosh,ND,38051,38051,2.35
McKenzie,ND,38053,38053,6.05
McLean,ND,38055,38055,7.85
Mercer,ND,38057,38057,7.3
Morton,ND,38059,38059,4.93
Mountrail,ND,38061,38061,8.14
Nelson,ND,38063,38063,5.53
Oliver,ND,38065,38065,6.46
Pembina,ND,38067,38067,2.99
Pierce,ND,38069,38069,4.41
Ramsey,ND,38071,38071,4.82
Ransom,ND,38073,38073,4.57
Renville,ND,38075,38075,13.89
Richland,ND,38077,38077,4.77
Rolette,ND,38079,38079,1.89
Sargent,ND,38081,38081,2.22
Sheridan,ND,38083,38083,11.95
Sioux,ND,38085,38085,7.4
Slope,ND,38087,38087,9.61
Stark,ND,38089,38089,6.91
Steele,ND,38091,38091,5.23
Stutsman,ND,38093,38093,3.86
Towner,ND,38095,38095,1.71
Traill,ND,38097,38097,5.24
Walsh,ND,38099,38099,4.37
Ward,ND,38101,38101,6.16
Wells,ND,38103,38103,4.4
Williams,ND,38105,38105,4.66
Adams,OH,39001,39001,20.79
Allen,OH,39003,39003,3.66
Ashland,OH,39005,39005,6.82
Ashtabula,OH,39007,39007,8.28
Athens,OH,39009,39009,6.58
Auglaize,OH,39011,39011,2.92
Belmont,OH,39013,39013,7.15
Brown,OH,39015,39015,20.42
Butler,OH,39017,39017,4.67
Carroll,OH,39019,39019,10.17
Champaign,OH,39021,39021,5.66
Clark,OH,39023,39023,4.83
Clermont,OH,39025,39025,5.47
Clinton,OH,39027,39027,11.01
Columbiana,OH,39029,39029,8.05
Coshocton,OH,39031,39031,7.02
Crawford,OH,39033,39033,6.31
Cuyahoga,OH,39035,39035,4.34
Darke,OH,39037,39037,5.86
Defiance,OH,39039,39039,4.4
Delaware,OH,39041,39041,4.49
Erie,OH,39043,39043,5.59
Fairfield,OH,39045,39045,8.37
Fayette,OH,39047,39047,11.59
Franklin,OH,39049,39049,3.15
Fulton,OH,39051,39051,4.68
Gallia,OH,39053,39053,12.3
Geauga,OH,39055,39055,7.95
Greene,OH,39057,39057,4.24
Guernsey,OH,39059,39059,7.8
Hamilton,OH,39061,39061,3.79
Hancock,OH,39063,39063,2.88
Hardin,OH,39065,39065,6.63
Harrison,OH,39067,39067,11.49
Henry,OH,39069,39069,3.8
Highland,OH,39071,39071,13.58
Hocking,OH,39073,39073,16.77
Holmes,OH,39075,39075,5.13
Huron,OH,39077,39077,5.38
Jackson,OH,39079,39079,10.64
Jefferson,OH,39081,39081,7.21
Knox,OH,39083,39083,13.07
Lake,OH,39085,39085,3.46
Lawrence,OH,39087,39087,4.8
Licking,OH,39089,39089,6.3
Logan,OH,39091,39091,5.98
Lorain,OH,39093,39093,5.06
Lucas,OH,39095,39095,4.24
Madison,OH,39097,39097,4.67
Mahoning,OH,39099,39099,5.95
Marion,OH,39101,39101,8.41
Medina,OH,39103,39103,6.83
Meigs,OH,39105,39105,14.39
Mercer,OH,39107,39107,3.2
Miami,OH,39109,39109,3.82
Monroe,OH,39111,39111,16.75
Montgomery,OH,39113,39113,4.38
Morgan,OH,39115,39115,21.99
Morrow,OH,39117,39117,11.91
Muskingum,OH,39119,39119,9.52
Noble,OH,39121,39121,9.42
Ottawa,OH,39123,39123,6.34
Paulding,OH,39125,39125,5.13
Perry,OH,39127,39127,14.68
Pickaway,OH,39129,39129,7.37
Pike,OH,39131,39131,11.95
Portage,OH,39133,39133,4.94
Preble,OH,39135,39135,8.1
Putnam,OH,39137,39137,3.94
Richland,OH,39139,39139,7.61
Ross,OH,39141,39141,9.67
Sandusky,OH,39143,39143,3.65
Scioto,OH,39145,39145,7.49
Seneca,OH,39147,39147,4.53
Shelby,OH,39149,39149,3.19
Stark,OH,39151,39151,5.05
Summit,OH,39153,39153,4.53
Trumbull,OH,39155,39155,6.68
Tuscarawas,OH,39157,39157,6.64
Union,OH,39159,39159,4.88
Van Wert,OH,39161,39161,4.64
Vinton,OH,39163,39163,12.34
Warren,OH,39165,39165,4.65
Washington,OH,39167,39167,5.61
Wayne,OH,39169,39169,4.46
Williams,OH,39171,39171,4.64
Wood,OH,39173,39173,3.2
Wyandot,OH,39175,39175,4.95
Adair,OK,40001,40001,9.57
Alfalfa,OK,40003,40003,4.15
Atoka,OK,40005,40005,10.27
Beaver,OK,40007,40007,5.47
Beckham,OK,40009,40009,7.42
Blaine,OK,40011,40011,9.13
Bryan,OK,40013,40013,5.36
Caddo,OK,40015,40015,9.44
Canadian,OK,40017,40017,4.33
Carter,OK,40019,40019,4.71
Cherokee,OK,40021,40021,9.51
Choctaw,OK,40023,40023,8.06
Cimarron,OK,40025,40025,3.68
Cleveland,OK,40027,40027,4.39
Coal,OK,40029,40029,9.18
Comanche,OK,40031,40031,3.07
Cotton,OK,40033,40033,5.13
Craig,OK,40035,40035,7.18
Creek,OK,40037,40037,4.16
Custer,OK,40039,40039,8.36
Delaware,OK,40041,40041,10.61
Dewey,OK,40043,40043,6.64
Ellis,OK,40045,40045,4.89
Garfield,OK,40047,40047,4.83
Garvin,OK,40049,40049,10.47
Grady,OK,40051,40051,6.45
Grant,OK,40053,40053,2.77
Greer,OK,40055,40055,4.39
Harmon,OK,40057,40057,9.61
Harper,OK,40059,40059,9.4
Haskell,OK,40061,40061,10.18
Hughes,OK,40063,40063,8.41
Jackson,OK,40065,40065,4.11
Jefferson,OK,40067,40067,11.83
Johnston,OK,40069,40069,7.72
Kay,OK,40071,40071,4.78
Kingfisher,OK,40073,40073,7.04
Kiowa,OK,40075,40075,9.9
Latimer,OK,40077,40077,8.06
Le Flore,OK,40079,40079,6.82
Lincoln,OK,40081,40081,14.01
Logan,OK,40083,40083,5.56
Love,OK,40085,40085,5.92
McClain,OK,40087,40087,8.91
McCurtain,OK,40089,40089,6.33
McIntosh,OK,40091,40091,10.92
Major,OK,40093,40093,6.43
Marshall,OK,40095,40095,5.97
Mayes,OK,40097,40097,8.71
Murray,OK,40099,40099,6.59
Muskogee,OK,40101,40101,6.05
Noble,OK,40103,40103,5.54
Nowata,OK,40105,40105,11.6
Okfuskee,OK,40107,40107,13.23
Oklahoma,OK,40109,40109,2.79
Okmulgee,OK,40111,40111,11.35
Osage,OK,40113,40113,6.06
Ottawa,OK,40115,40115,4.28
Pawnee,OK,40117,40117,10.21
Payne,OK,40119,40119,5.84
Pittsburg,OK,40121,40121,5.28
Pontotoc,OK,40123,40123,3.83
Pottawatomie,OK,40125,40125,7.56
Pushmataha,OK,40127,40127,14.95
Roger Mills,OK,40129,40129,4.21
Rogers,OK,40131,40131,4.19
Seminole,OK,40133,40133,9.44
Sequoyah,OK,40135,40135,6.54
Stephens,OK,40137,40137,5.94
Texas,OK,40139,40139,3.58
Tillman,OK,40141,40141,5.33
Tulsa,OK,40143,40143,2.61
Wagoner,OK,40145,40145,4.53
Washington,OK,40147,40147,5.17
Washita,OK,40149,40149,8.82
Woods,OK,40151,40151,2.87
Woodward,OK,40153,40153,4.42
Baker,OR,41001,41001,4.41
Benton,OR,41003,41003,4.8
Clackamas,OR,41005,41005,9.09
Clatsop,OR,41007,41007,5.51
Columbia,OR,41009,41009,16.24
Coos,OR,41011,41011,4.63
Crook,OR,41013,41013,7.84
Curry,OR,41015,41015,3.79
Deschutes,OR,41017,41017,2.63
Douglas,OR,41019,41019,4.53
Gilliam,OR,41021,41021,3.81
Grant,OR,41023,41023,4.02
Harney,OR,41025,41025,3.9
Hood River,OR,41027,41027,7.19
Jackson,OR,41029,41029,3.03
Jefferson,OR,41031,41031,9.32
Josephine,OR,41033,41033,3.65
Klamath,OR,41035,41035,2.45
Lake,OR,41037,41037,6.54
Lane,OR,41039,41039,4.81
Lincoln,OR,41041,41041,4.87
Linn,OR,41043,41043,5.53
Malheur,OR,41045,41045,5.31
Marion,OR,41047,41047,7.76
Morrow,OR,41049,41049,5.07
Multnomah,OR,41051,41051,7.43
Polk,OR,41053,41053,8.08
Sherman,OR,41055,41055,8.36
Tillamook,OR,41057,41057,7.72
Umatilla,OR,41059,41059,3.16
Union,OR,41061,41061,4.58
Wallowa,OR,41063,41063,4.62
Wasco,OR,41065,41065,3.42
Washington,OR,41067,41067,6.24
Wheeler,OR,41069,41069,9.58
Yamhill,OR,41071,41071,10.17
Adams,PA,42001,42001,10.75
Allegheny,PA,42003,42003,7.23
Armstrong,PA,42005,42005,14.01
Beaver,PA,42007,42007,7.46
Bedford,PA,42009,42009,8.85
Berks,PA,42011,42011,7.95
Blair,PA,42013,42013,4.57
Bradford,PA,42015,42015,6.02
Bucks,PA,42017,42017,14.13
Butler,PA,42019,42019,8.57
Cambria,PA,42021,42021,6.78
Cameron,PA,42023,42023,6.68
Carbon,PA,42025,42025,14.27
Centre,PA,42027,42027,3.51
Chester,PA,42029,42029,10.52
Clarion,PA,42031,42031,7.25
Clearfield,PA,42033,42033,8.59
Clinton,PA,42035,42035,6.03
Columbia,PA,42037,42037,5.15
Crawford,PA,42039,42039,6.29
Cumberland,PA,42041,42041,4.62
Dauphin,PA,42043,42043,4.53
Delaware,PA,42045,42045,9.43
Elk,PA,42047,42047,3.82
Erie,PA,42049,42049,3.41
Fayette,PA,42051,42051,10.23
Forest,PA,42053,42053,12.84
Franklin,PA,42055,42055,7.71
Fulton,PA,42057,42057,14.65
Greene,PA,42059,42059,9.88
Huntingdon,PA,42061,42061,13.14
Indiana,PA,42063,42063,8.6
Jefferson,PA,42065,42065,8.49
Juniata,PA,42067,42067,18.72
Lackawanna,PA,42069,42069,4.75
Lancaster,PA,42071,42071,5.59
Lawrence,PA,42073,42073,6.78
Lebanon,PA,42075,42075,5.32
Lehigh,PA,42077,42077,7.97
Luzerne,PA,42079,42079,5.8
Lycoming,PA,42081,42081,4.9
McKean,PA,42083,42083,6.43
Mercer,PA,42085,42085,5.5
Mifflin,PA,42087,42087,8.68
Monroe,PA,42089,42089,23.63
Montgomery,PA,42091,42091,10.68
Montour,PA,42093,42093,2.66
Northampton,PA,42095,42095,11.44
Northumberland,PA,42097,42097,6.52
Perry,PA,42099,42099,9.99
Philadelphia,PA,42101,42101,14.92
Pike,PA,42103,42103,30.27
Potter,PA,42105,42105,8.38
Schuylkill,PA,42107,42107,9.9
Snyder,PA,42109,42109,7.53
Somerset,PA,42111,42111,7.95
Sullivan,PA,42113,42113,14.25
Susquehanna,PA,42115,42115,8.85
Tioga,PA,42117,42117,8.02
Union,PA,42119,42119,5.64
Venango,PA,42121,42121,7.2
Warren,PA,42123,42123,4.2
Washington,PA,42125,42125,9
Wayne,PA,42127,42127,10.93
Westmoreland,PA,42129,42129,10.04
Wyoming,PA,42131,42131,7.82
York,PA,42133,42133,10
Bristol,RI,44001,44001,6.34
Kent,RI,44003,44003,5.89
Newport,RI,44005,44005,5.75
Providence,RI,44007,44007,7.53
Washington,RI,44009,44009,7.46
Abbeville,SC,45001,45001,7.96
Aiken,SC,45003,45003,6.07
Allendale,SC,45005,45005,20.93
Anderson,SC,45007,45007,4.4
Bamberg,SC,45009,45009,11.86
Barnwell,SC,45011,45011,14.04
Beaufort,SC,45013,45013,5.02
Berkeley,SC,45015,45015,7.4
Calhoun,SC,45017,45017,6.55
Charleston,SC,45019,45019,3.59
Cherokee,SC,45021,45021,4.65
Chester,SC,45023,45023,7.76
Chesterfield,SC,45025,45025,8.65
Clarendon,SC,45027,45027,12.46
Colleton,SC,45029,45029,14.8
Darlington,SC,45031,45031,4.85
Dillon,SC,45033,45033,5.45
Dorchester,SC,45035,45035,10.76
Edgefield,SC,45037,45037,6.8
Fairfield,SC,45039,45039,5.65
Florence,SC,45041,45041,6.49
Georgetown,SC,45043,45043,10.36
Greenville,SC,45045,45045,3.64
Greenwood,SC,45047,45047,6.91
Hampton,SC,45049,45049,18.87
Horry,SC,45051,45051,4.07
Jasper,SC,45053,45053,12.02
Kershaw,SC,45055,45055,7.03
Lancaster,SC,45057,45057,10.99
Laurens,SC,45059,45059,6.26
Lee,SC,45061,45061,6.5
Lexington,SC,45063,45063,5.41
McCormick,SC,45065,45065,11.4
Marion,SC,45067,45067,13.16
Marlboro,SC,45069,45069,7.9
Newberry,SC,45071,45071,8.7
Oconee,SC,45073,45073,9.02
Orangeburg,SC,45075,45075,13.98
Pickens,SC,45077,45077,6.08
Richland,SC,45079,45079,4.62
Saluda,SC,45081,45081,12.16
Spartanburg,SC,45083,45083,4.07
Sumter,SC,45085,45085,8.1
Union,SC,45087,45087,9.07
Williamsburg,SC,45089,45089,18.45
York,SC,45091,45091,8.09
Aurora,SD,46003,46003,1.96
Beadle,SD,46005,46005,1.91
Bennett,SD,46007,46007,7.7
Bon Homme,SD,46009,46009,4.16
Brookings,SD,46011,46011,3.17
Brown,SD,46013,46013,1
Brule,SD,46015,46015,2.78
Buffalo,SD,46017,46017,0
Butte,SD,46019,46019,3.93
Campbell,SD,46021,46021,3.79
Charles Mix,SD,46023,46023,2.14
Clark,SD,46025,46025,6.98
Clay,SD,46027,46027,4.74
Codington,SD,46029,46029,3.67
Corson,SD,46031,46031,2.59
Custer,SD,46033,46033,11.28
Davison,SD,46035,46035,3.21
Day,SD,46037,46037,3.09
Deuel,SD,46039,46039,5.87
Dewey,SD,46041,46041,2.41
Douglas,SD,46043,46043,1.66
Edmunds,SD,46045,46045,2.05
Fall River,SD,46047,46047,6.05
Faulk,SD,46049,46049,2.22
Grant,SD,46051,46051,3.5
Gregory,SD,46053,46053,2.73
Haakon,SD,46055,46055,10.95
Hamlin,SD,46057,46057,3.66
Hand,SD,46059,46059,0.73
Hanson,SD,46061,46061,5.89
Harding,SD,46063,46063,5.56
Hughes,SD,46065,46065,1.56
Hutchinson,SD,46067,46067,6.83
Hyde,SD,46069,46069,2.9
Jackson,SD,46071,46071,5.54
Jerauld,SD,46073,46073,3.44
Jones,SD,46075,46075,6.09
Kingsbury,SD,46077,46077,2.95
Lake,SD,46079,46079,5.24
Lawrence,SD,46081,46081,3.48
Lincoln,SD,46083,46083,2.22
Lyman,SD,46085,46085,1.98
McCook,SD,46087,46087,6.73
McPherson,SD,46089,46089,4.99
Marshall,SD,46091,46091,5.93
Meade,SD,46093,46093,3.46
Mellette,SD,46095,46095,1.18
Miner,SD,46097,46097,4.63
Minnehaha,SD,46099,46099,2.52
Moody,SD,46101,46101,2.32
Pennington,SD,46103,46103,2.63
Perkins,SD,46105,46105,3.4
Potter,SD,46107,46107,4.17
Roberts,SD,46109,46109,3.82
Sanborn,SD,46111,46111,2.66
Shannon,SD,46113,46113,7.57
Spink,SD,46115,46115,3.26
Stanley,SD,46117,46117,1.81
Sully,SD,46119,46119,0.71
Todd,SD,46121,46121,1.56
Tripp,SD,46123,46123,4.22
Turner,SD,46125,46125,5.62
Union,SD,46127,46127,2.78
Walworth,SD,46129,46129,3.49
Yankton,SD,46135,46135,4.83
Ziebach,SD,46137,46137,3.56
Anderson,TN,47001,47001,4.2
Bedford,TN,47003,47003,9.8
Benton,TN,47005,47005,7.63
Bledsoe,TN,47007,47007,19.67
Blount,TN,47009,47009,4.93
Bradley,TN,47011,47011,4
Campbell,TN,47013,47013,14.78
Cannon,TN,47015,47015,10.71
Carroll,TN,47017,47017,8.23
Carter,TN,47019,47019,4.85
Cheatham,TN,47021,47021,11.6
Chester,TN,47023,47023,7.86
Claiborne,TN,47025,47025,9.89
Clay,TN,47027,47027,10.26
Cocke,TN,47029,47029,10.36
Coffee,TN,47031,47031,6.94
Crockett,TN,47033,47033,6.36
Cumberland,TN,47035,47035,6.65
Davidson,TN,47037,47037,4.96
Decatur,TN,47039,47039,9.11
DeKalb,TN,47041,47041,15.56
Dickson,TN,47043,47043,17.15
Dyer,TN,47045,47045,6.64
Fayette,TN,47047,47047,9.5
Fentress,TN,47049,47049,8.78
Franklin,TN,47051,47051,6.72
Gibson,TN,47053,47053,5.07
Giles,TN,47055,47055,13.3
Grainger,TN,47057,47057,12.9
Greene,TN,47059,47059,4.56
Grundy,TN,47061,47061,10.41
Hamblen,TN,47063,47063,6.76
Hamilton,TN,47065,47065,3.02
Hancock,TN,47067,47067,12
Hardeman,TN,47069,47069,16.22
Hardin,TN,47071,47071,9.12
Hawkins,TN,47073,47073,6.86
Haywood,TN,47075,47075,6.12
Henderson,TN,47077,47077,7.84
Henry,TN,47079,47079,5.92
Hickman,TN,47081,47081,21.29
Houston,TN,47083,47083,17.52
Humphreys,TN,47085,47085,18.85
Jackson,TN,47087,47087,11.51
Jefferson,TN,47089,47089,7.37
Johnson,TN,47091,47091,7.75
Knox,TN,47093,47093,3.25
Lake,TN,47095,47095,4.2
Lauderdale,TN,47097,47097,12.02
Lawrence,TN,47099,47099,10.52
Lewis,TN,47101,47101,8.11
Lincoln,TN,47103,47103,11.18
Loudon,TN,47105,47105,3.05
McMinn,TN,47107,47107,6.23
McNairy,TN,47109,47109,8.58
Macon,TN,47111,47111,19.35
Madison,TN,47113,47113,4.04
Marion,TN,47115,47115,9.56
Marshall,TN,47117,47117,13.49
Maury,TN,47119,47119,12.35
Meigs,TN,47121,47121,10.34
Monroe,TN,47123,47123,9.85
Montgomery,TN,47125,47125,9.14
Moore,TN,47127,47127,10.17
Morgan,TN,47129,47129,9.68
Obion,TN,47131,47131,4.35
Overton,TN,47133,47133,7.76
Perry,TN,47135,47135,9.96
Pickett,TN,47137,47137,10.69
Polk,TN,47139,47139,8.9
Putnam,TN,47141,47141,6.96
Rhea,TN,47143,47143,8.24
Roane,TN,47145,47145,6.92
Robertson,TN,47147,47147,11.33
Rutherford,TN,47149,47149,11.21
Scott,TN,47151,47151,14.9
Sequatchie,TN,47153,47153,17.28
Sevier,TN,47155,47155,5.09
Shelby,TN,47157,47157,2.66
Smith,TN,47159,47159,16.63
Stewart,TN,47161,47161,13.08
Sullivan,TN,47163,47163,3.21
Sumner,TN,47165,47165,11.04
Tipton,TN,47167,47167,15.49
Trousdale,TN,47169,47169,21.33
Unicoi,TN,47171,47171,4.87
Union,TN,47173,47173,10.31
Van Buren,TN,47175,47175,10.13
Warren,TN,47177,47177,9.62
Washington,TN,47179,47179,2.95
Wayne,TN,47181,47181,15.29
Weakley,TN,47183,47183,5.94
White,TN,47185,47185,6.56
Williamson,TN,47187,47187,6.6
Wilson,TN,47189,47189,10.68
Anderson,TX,48001,48001,7.43
Andrews,TX,48003,48003,11.67
Angelina,TX,48005,48005,5.74
Aransas,TX,48007,48007,5.22
Archer,TX,48009,48009,3.27
Armstrong,TX,48011,48011,4.58
Atascosa,TX,48013,48013,11.29
Austin,TX,48015,48015,14.6
Bailey,TX,48017,48017,5.43
Bandera,TX,48019,48019,22.53
Bastrop,TX,48021,48021,14.91
Baylor,TX,48023,48023,1.51
Bee,TX,48025,48025,8.42
Bell,TX,48027,48027,5.72
Bexar,TX,48029,48029,5.64
Blanco,TX,48031,48031,13.71
Borden,TX,48033,48033,9.09
Bosque,TX,48035,48035,12.04
Bowie,TX,48037,48037,3.45
Brazoria,TX,48039,48039,12.12
Brazos,TX,48041,48041,2.92
Brewster,TX,48043,48043,3.71
Briscoe,TX,48045,48045,5.01
Brooks,TX,48047,48047,4.71
Brown,TX,48049,48049,2.98
Burleson,TX,48051,48051,6.51
Burnet,TX,48053,48053,11.79
Caldwell,TX,48055,48055,19.05
Calhoun,TX,48057,48057,3.85
Callahan,TX,48059,48059,7.92
Cameron,TX,48061,48061,2.34
Camp,TX,48063,48063,10.47
Carson,TX,48065,48065,3.96
Cass,TX,48067,48067,6.51
Castro,TX,48069,48069,5.35
Chambers,TX,48071,48071,10.97
Cherokee,TX,48073,48073,9.01
Childress,TX,48075,48075,6.53
Clay,TX,48077,48077,8.32
Cochran,TX,48079,48079,15.03
Coke,TX,48081,48081,13.63
Coleman,TX,48083,48083,9.51
Collin,TX,48085,48085,9.64
Collingsworth,TX,48087,48087,1.34
Colorado,TX,48089,48089,9.49
Comal,TX,48091,48091,13.58
Comanche,TX,48093,48093,9.29
Concho,TX,48095,48095,9.49
Cooke,TX,48097,48097,10.84
Coryell,TX,48099,48099,6.74
Cottle,TX,48101,48101,3.19
Crane,TX,48103,48103,16.23
Crockett,TX,48105,48105,24.66
Crosby,TX,48107,48107,4.52
Culberson,TX,48109,48109,3.68
Dallam,TX,48111,48111,1.51
Dallas,TX,48113,48113,7.96
Dawson,TX,48115,48115,7.92
Deaf Smith,TX,48117,48117,3.52
Delta,TX,48119,48119,17.57
Denton,TX,48121,48121,9.11
DeWitt,TX,48123,48123,10.22
Dickens,TX,48125,48125,16.96
Dimmit,TX,48127,48127,8.92
Donley,TX,48129,48129,13.59
Duval,TX,48131,48131,18.41
Eastland,TX,48133,48133,9.11
Ector,TX,48135,48135,8.61
Edwards,TX,48137,48137,1.73
Ellis,TX,48139,48139,14.32
El Paso,TX,48141,48141,4.3
Erath,TX,48143,48143,5.22
Falls,TX,48145,48145,6.17
Fannin,TX,48147,48147,17.26
Fayette,TX,48149,48149,10
Fisher,TX,48151,48151,4.87
Floyd,TX,48153,48153,6.88
Foard,TX,48155,48155,9.42
Fort Bend,TX,48157,48157,13.29
Franklin,TX,48159,48159,11.48
Freestone,TX,48161,48161,11.36
Frio,TX,48163,48163,7.87
Gaines,TX,48165,48165,10.87
Galveston,TX,48167,48167,10.68
Garza,TX,48169,48169,9.59
Gillespie,TX,48171,48171,6.71
Glasscock,TX,48173,48173,6.29
Goliad,TX,48175,48175,14.53
Gonzales,TX,48177,48177,12.93
Gray,TX,48179,48179,8.49
Grayson,TX,48181,48181,10.41
Gregg,TX,48183,48183,4.19
Grimes,TX,48185,48185,11.27
Guadalupe,TX,48187,48187,8.36
Hale,TX,48189,48189,5.79
Hall,TX,48191,48191,6.41
Hamilton,TX,48193,48193,10.07
Hansford,TX,48195,48195,4.95
Hardeman,TX,48197,48197,2.83
Hardin,TX,48199,48199,8.66
Harris,TX,48201,48201,10.27
Harrison,TX,48203,48203,4.32
Hartley,TX,48205,48205,3.85
Haskell,TX,48207,48207,7.71
Hays,TX,48209,48209,13.33
Hemphill,TX,48211,48211,8.25
Henderson,TX,48213,48213,18.37
Hidalgo,TX,48215,48215,4.09
Hill,TX,48217,48217,12.77
Hockley,TX,48219,48219,6.47
Hood,TX,48221,48221,14.01
Hopkins,TX,48223,48223,9.22
Houston,TX,48225,48225,9.13
Howard,TX,48227,48227,6.32
Hudspeth,TX,48229,48229,16.31
Hunt,TX,48231,48231,19.31
Hutchinson,TX,48233,48233,3.41
Irion,TX,48235,48235,9.29
Jack,TX,48237,48237,13.01
Jackson,TX,48239,48239,8.65
Jasper,TX,48241,48241,19.74
Jeff Davis,TX,48243,48243,3.97
Jefferson,TX,48245,48245,5.33
Jim Hogg,TX,48247,48247,18.35
Jim Wells,TX,48249,48249,17.36
Johnson,TX,48251,48251,8.95
Jones,TX,48253,48253,4.29
Karnes,TX,48255,48255,10.73
Kaufman,TX,48257,48257,22.3
Kendall,TX,48259,48259,12.74
Kenedy,TX,48261,48261,1.93
Kent,TX,48263,48263,5.58
Kerr,TX,48265,48265,6.86
Kimble,TX,48267,48267,9.7
King,TX,48269,48269,7.48
Kinney,TX,48271,48271,0.83
Kleberg,TX,48273,48273,5.36
Knox,TX,48275,48275,7.98
Lamar,TX,48277,48277,6.26
Lamb,TX,48279,48279,5.66
Lampasas,TX,48281,48281,11.11
La Salle,TX,48283,48283,14.09
Lavaca,TX,48285,48285,13.41
Lee,TX,48287,48287,20.49
Leon,TX,48289,48289,13.35
Liberty,TX,48291,48291,23.65
Limestone,TX,48293,48293,6.07
Lipscomb,TX,48295,48295,6.88
Live Oak,TX,48297,48297,21.02
Llano,TX,48299,48299,15.54
Loving,TX,48301,48301,25.93
Lubbock,TX,48303,48303,3.02
Lynn,TX,48305,48305,2.72
McCulloch,TX,48307,48307,6.08
McLennan,TX,48309,48309,3.49
McMullen,TX,48311,48311,10.22
Madison,TX,48313,48313,9.47
Marion,TX,48315,48315,10.92
Martin,TX,48317,48317,0.59
Mason,TX,48319,48319,3.39
Matagorda,TX,48321,48321,8.15
Maverick,TX,48323,48323,11.7
Medina,TX,48325,48325,13.75
Menard,TX,48327,48327,21.38
Midland,TX,48329,48329,4.58
Milam,TX,48331,48331,13.53
Mills,TX,48333,48333,4.92
Mitchell,TX,48335,48335,8.75
Montague,TX,48337,48337,10.28
Montgomery,TX,48339,48339,16.02
Moore,TX,48341,48341,3.77
Morris,TX,48343,48343,8.41
Motley,TX,48345,48345,7.51
Nacogdoches,TX,48347,48347,5.88
Navarro,TX,48349,48349,13.04
Newton,TX,48351,48351,23.45
Nolan,TX,48353,48353,4.97
Nueces,TX,48355,48355,2.99
Ochiltree,TX,48357,48357,8.69
Oldham,TX,48359,48359,5.65
Orange,TX,48361,48361,4.64
Palo Pinto,TX,48363,48363,9.88
Panola,TX,48365,48365,8.78
Parker,TX,48367,48367,13.18
Parmer,TX,48369,48369,2.25
Pecos,TX,48371,48371,9.86
Polk,TX,48373,48373,18.73
Potter,TX,48375,48375,4.22
Presidio,TX,48377,48377,11.86
Rains,TX,48379,48379,22.79
Randall,TX,48381,48381,4.29
Reagan,TX,48383,48383,11.6
Real,TX,48385,48385,1.58
Red River,TX,48387,48387,8.4
Reeves,TX,48389,48389,11.62
Refugio,TX,48391,48391,9.13
Roberts,TX,48393,48393,6.45
Robertson,TX,48395,48395,9.15
Rockwall,TX,48397,48397,18.72
Runnels,TX,48399,48399,7.23
Rusk,TX,48401,48401,8.76
Sabine,TX,48403,48403,13.69
San Augustine,TX,48405,48405,7.51
San Jacinto,TX,48407,48407,28.75
San Patricio,TX,48409,48409,4.95
San Saba,TX,48411,48411,16.61
Schleicher,TX,48413,48413,13.76
Scurry,TX,48415,48415,4.49
Shackelford,TX,48417,48417,6.23
Shelby,TX,48419,48419,11.59
Sherman,TX,48421,48421,10.74
Smith,TX,48423,48423,5.66
Somervell,TX,48425,48425,16.1
Starr,TX,48427,48427,11.42
Stephens,TX,48429,48429,5.3
Sterling,TX,48431,48431,12.03
Stonewall,TX,48433,48433,5.34
Sutton,TX,48435,48435,4.2
Swisher,TX,48437,48437,10.12
Tarrant,TX,48439,48439,7.68
Taylor,TX,48441,48441,3.04
Terrell,TX,48443,48443,12.73
Terry,TX,48445,48445,3.52
Throckmorton,TX,48447,48447,6.31
Titus,TX,48449,48449,6.67
Tom Green,TX,48451,48451,5.58
Travis,TX,48453,48453,5.96
Trinity,TX,48455,48455,18.51
Tyler,TX,48457,48457,20.19
Upshur,TX,48459,48459,7.84
Upton,TX,48461,48461,16.44
Uvalde,TX,48463,48463,7.3
Val Verde,TX,48465,48465,4.4
Van Zandt,TX,48467,48467,21.57
Victoria,TX,48469,48469,4.81
Walker,TX,48471,48471,7.97
Waller,TX,48473,48473,15.77
Ward,TX,48475,48475,10.85
Washington,TX,48477,48477,7.48
Webb,TX,48479,48479,3.83
Wharton,TX,48481,48481,11.44
Wheeler,TX,48483,48483,9.9
Wichita,TX,48485,48485,2.76
Wilbarger,TX,48487,48487,3.39
Willacy,TX,48489,48489,4.61
Williamson,TX,48491,48491,9.03
Wilson,TX,48493,48493,14.95
Winkler,TX,48495,48495,13.15
Wise,TX,48497,48497,14.48
Wood,TX,48499,48499,12.56
Yoakum,TX,48501,48501,9.25
Young,TX,48503,48503,5.43
Zapata,TX,48505,48505,12.18
Zavala,TX,48507,48507,6.02
Beaver,UT,49001,49001,5.88
Box Elder,UT,49003,49003,6.97
Cache,UT,49005,49005,4.34
Carbon,UT,49007,49007,6.55
Daggett,UT,49009,49009,8.97
Davis,UT,49011,49011,4.59
Duchesne,UT,49013,49013,7.01
Emery,UT,49015,49015,6.13
Garfield,UT,49017,49017,5.06
Grand,UT,49019,49019,2.43
Iron,UT,49021,49021,6.09
Juab,UT,49023,49023,9.38
Kane,UT,49025,49025,1.98
Millard,UT,49027,49027,5.08
Morgan,UT,49029,49029,10.85
Piute,UT,49031,49031,12.8
Rich,UT,49033,49033,8.05
Salt Lake,UT,49035,49035,3.46
San Juan,UT,49037,49037,11.44
Sanpete,UT,49039,49039,9.74
Sevier,UT,49041,49041,4.92
Summit,UT,49043,49043,5.68
Tooele,UT,49045,49045,10.94
Uintah,UT,49047,49047,6.88
Utah,UT,49049,49049,5.42
Wasatch,UT,49051,49051,5.47
Washington,UT,49053,49053,2.36
Wayne,UT,49055,49055,6.62
Weber,UT,49057,49057,6.83
Addison,VT,50001,50001,7.92
Bennington,VT,50003,50003,6.06
Caledonia,VT,50005,50005,9.67
Chittenden,VT,50007,50007,3.67
Essex,VT,50009,50009,7.56
Franklin,VT,50011,50011,6.34
Grand Isle,VT,50013,50013,10.8
Lamoille,VT,50015,50015,10.31
Orange,VT,50017,50017,7.28
Orleans,VT,50019,50019,9.81
Rutland,VT,50021,50021,5.42
Washington,VT,50023,50023,5.52
Windham,VT,50025,50025,5.72
Windsor,VT,50027,50027,5.06
Accomack,VA,51001,51001,4.55
Albemarle,VA,51003,51003,4.11
Alleghany,VA,51005,51005,9.29
Amelia,VA,51007,51007,23.96
Amherst,VA,51009,51009,9.54
Appomattox,VA,51011,51011,5.63
Arlington,VA,51013,51013,7.16
Augusta,VA,51015,51015,3.99
Bath,VA,51017,51017,6.95
Bedford,VA,51019,51019,5.42
Bland,VA,51021,51021,7.62
Botetourt,VA,51023,51023,6.89
Brunswick,VA,51025,51025,9.86
Buchanan,VA,51027,51027,8.03
Buckingham,VA,51029,51029,18.67
Campbell,VA,51031,51031,4.77
Caroline,VA,51033,51033,15.6
Carroll,VA,51035,51035,7.23
Charles City,VA,51036,51036,8.87
Charlotte,VA,51037,51037,16.56
Chesterfield,VA,51041,51041,4.57
Clarke,VA,51043,51043,23.14
Craig,VA,51045,51045,6.49
Culpeper,VA,51047,51047,27.22
Cumberland,VA,51049,51049,35.72
Dickenson,VA,51051,51051,10.42
Dinwiddie,VA,51053,51053,9.4
Essex,VA,51057,51057,23.37
Fairfax,VA,51059,51059,13.48
Fauquier,VA,51061,51061,28.59
Floyd,VA,51063,51063,14.17
Fluvanna,VA,51065,51065,10.7
Franklin,VA,51067,51067,10.2
Frederick,VA,51069,51069,18.64
Giles,VA,51071,51071,4.5
Gloucester,VA,51073,51073,15.91
Goochland,VA,51075,51075,7.58
Grayson,VA,51077,51077,7.67
Greene,VA,51079,51079,6.06
Greensville,VA,51081,51081,6.62
Halifax,VA,51083,51083,10.3
Hanover,VA,51085,51085,5.2
Henrico,VA,51087,51087,3.89
Henry,VA,51089,51089,6.41
Highland,VA,51091,51091,18.24
Isle of Wight,VA,51093,51093,8.97
James City,VA,51095,51095,8.36
King and Queen,VA,51097,51097,18.34
King George,VA,51099,51099,23.22
King William,VA,51101,51101,14.57
Lancaster,VA,51103,51103,13.03
Lee,VA,51105,51105,13.75
Loudoun,VA,51107,51107,17.63
Louisa,VA,51109,51109,14.12
Lunenburg,VA,51111,51111,13.81
Madison,VA,51113,51113,9.8
Mathews,VA,51115,51115,30.19
Mecklenburg,VA,51117,51117,9.2
Middlesex,VA,51119,51119,16.03
Montgomery,VA,51121,51121,3.69
Nelson,VA,51125,51125,7.62
New Kent,VA,51127,51127,6.68
Northampton,VA,51131,51131,3.94
Northumberland,VA,51133,51133,13.82
Nottoway,VA,51135,51135,18.29
Orange,VA,51137,51137,22.64
Page,VA,51139,51139,16.84
Patrick,VA,51141,51141,10.02
Pittsylvania,VA,51143,51143,6.49
Powhatan,VA,51145,51145,7.86
Prince Edward,VA,51147,51147,9.95
Prince George,VA,51149,51149,6.63
Prince William,VA,51153,51153,25.9
Pulaski,VA,51155,51155,6.44
Rappahannock,VA,51157,51157,28.31
Richmond,VA,51159,51159,14.55
Roanoke,VA,51161,51161,3.8
Rockbridge,VA,51163,51163,9.62
Rockingham,VA,51165,51165,4.45
Russell,VA,51167,51167,10.39
Scott,VA,51169,51169,7.31
Shenandoah,VA,51171,51171,12.43
Smyth,VA,51173,51173,4.87
Southampton,VA,51175,51175,15.97
Spotsylvania,VA,51177,51177,23.95
Stafford,VA,51179,51179,28.68
Surry,VA,51181,51181,25.59
Sussex,VA,51183,51183,17.09
Tazewell,VA,51185,51185,9.7
Warren,VA,51187,51187,33.18
Washington,VA,51191,51191,6.68
Westmoreland,VA,51193,51193,25.08
Wise,VA,51195,51195,5.89
Wythe,VA,51197,51197,5.24
York,VA,51199,51199,4.46
Alexandria City,VA,51510,51510,10.8
Bedford City,VA,51515,51515,N/A
Bristol City,VA,51520,51520,3.65
Buena Vista City,VA,51530,51530,7.79
Charlottesville City,VA,51540,51540,2.76
Chesapeake City,VA,51550,51550,4.71
Colonial Heights City,VA,51570,51570,4.32
Covington City,VA,51580,51580,4.6
Danville City,VA,51590,51590,4.82
Emporia City,VA,51595,51595,4.7
Fairfax City,VA,51600,51600,11.65
Falls Church City,VA,51610,51610,8.69
Franklin City,VA,51620,51620,11.4
Fredericksburg City,VA,51630,51630,16.79
Galax City,VA,51640,51640,5.99
Hampton City,VA,51650,51650,5.39
Harrisonburg City,VA,51660,51660,2.87
Hopewell City,VA,51670,51670,4.09
Lexington City,VA,51678,51678,7.97
Lynchburg City,VA,51680,51680,4.75
Manassas City,VA,51683,51683,22.9
Manassas Park City,VA,51685,51685,25.71
Martinsville City,VA,51690,51690,5.83
Newport News City,VA,51700,51700,6.06
Norfolk City,VA,51710,51710,4.06
Norton City,VA,51720,51720,2.67
Petersburg City,VA,51730,51730,3.39
Poquoson City,VA,51735,51735,4.45
Portsmouth City,VA,51740,51740,3.8
Radford City,VA,51750,51750,2.67
Richmond City,VA,51760,51760,4.17
Roanoke City,VA,51770,51770,3.93
Salem City,VA,51775,51775,2.47
Staunton City,VA,51790,51790,3.91
Suffolk City,VA,51800,51800,7.91
Virginia Beach City,VA,51810,51810,4.01
Waynesboro City,VA,51820,51820,3.74
Williamsburg City,VA,51830,51830,6.52
Winchester City,VA,51840,51840,14.4
Adams,WA,53001,53001,5.7
Asotin,WA,53003,53003,4.97
Benton,WA,53005,53005,5.12
Chelan,WA,53007,53007,4.17
Clallam,WA,53009,53009,7.76
Clark,WA,53011,53011,8.55
Columbia,WA,53013,53013,6.09
Cowlitz,WA,53015,53015,10.24
Douglas,WA,53017,53017,3.68
Ferry,WA,53019,53019,9.61
Franklin,WA,53021,53021,4.86
Garfield,WA,53023,53023,5.38
Grant,WA,53025,53025,3.55
Grays Harbor,WA,53027,53027,12.24
Island,WA,53029,53029,14.49
Jefferson,WA,53031,53031,10.14
King,WA,53033,53033,10.11
Kitsap,WA,53035,53035,13.91
Kittitas,WA,53037,53037,8.3
Klickitat,WA,53039,53039,6.74
Lewis,WA,53041,53041,12.67
Lincoln,WA,53043,53043,9.94
Mason,WA,53045,53045,14.79
Okanogan,WA,53047,53047,3.89
Pacific,WA,53049,53049,7.79
Pend Oreille,WA,53051,53051,21.01
Pierce,WA,53053,53053,15.67
San Juan,WA,53055,53055,4.64
Skagit,WA,53057,53057,10.03
Skamania,WA,53059,53059,13.08
Snohomish,WA,53061,53061,15.69
Spokane,WA,53063,53063,3.69
Stevens,WA,53065,53065,11.1
Thurston,WA,53067,53067,9.55
Wahkiakum,WA,53069,53069,20.75
Walla Walla,WA,53071,53071,5.01
Whatcom,WA,53073,53073,5.02
Whitman,WA,53075,53075,2.53
Yakima,WA,53077,53077,3.06
Barbour,WV,54001,54001,9
Berkeley,WV,54003,54003,13.16
Boone,WV,54005,54005,15.6
Braxton,WV,54007,54007,12.98
Brooke,WV,54009,54009,8.33
Cabell,WV,54011,54011,3.73
Calhoun,WV,54013,54013,18.78
Clay,WV,54015,54015,27.66
Doddridge,WV,54017,54017,16.47
Fayette,WV,54019,54019,14.23
Gilmer,WV,54021,54021,16.12
Grant,WV,54023,54023,7.83
Greenbrier,WV,54025,54025,5.11
Hampshire,WV,54027,54027,19.07
Hancock,WV,54029,54029,8.04
Hardy,WV,54031,54031,8.83
Harrison,WV,54033,54033,6.36
Jackson,WV,54035,54035,10.96
Jefferson,WV,54037,54037,25.41
Kanawha,WV,54039,54039,3.98
Lewis,WV,54041,54041,10.3
Lincoln,WV,54043,54043,14.95
Logan,WV,54045,54045,13.05
McDowell,WV,54047,54047,11.2
Marion,WV,54049,54049,4.93
Marshall,WV,54051,54051,8.89
Mason,WV,54053,54053,11.73
Mercer,WV,54055,54055,7.68
Mineral,WV,54057,54057,8.01
Mingo,WV,54059,54059,14.64
Monongalia,WV,54061,54061,4.63
Monroe,WV,54063,54063,18.9
Morgan,WV,54065,54065,18.52
Nicholas,WV,54067,54067,16.26
Ohio,WV,54069,54069,4.52
Pendleton,WV,54071,54071,23.32
Pleasants,WV,54073,54073,7.57
Pocahontas,WV,54075,54075,7.34
Preston,WV,54077,54077,12.87
Putnam,WV,54079,54079,4.8
Raleigh,WV,54081,54081,9.84
Randolph,WV,54083,54083,9.26
Ritchie,WV,54085,54085,10.53
Roane,WV,54087,54087,15.57
Summers,WV,54089,54089,9.11
Taylor,WV,54091,54091,8.89
Tucker,WV,54093,54093,14.3
Tyler,WV,54095,54095,7.61
Upshur,WV,54097,54097,9.62
Wayne,WV,54099,54099,9.29
Webster,WV,54101,54101,14.78
Wetzel,WV,54103,54103,17.1
Wirt,WV,54105,54105,19.19
Wood,WV,54107,54107,3.72
Wyoming,WV,54109,54109,18.53
Adams,WI,55001,55001,10.31
Ashland,WI,55003,55003,4.6
Barron,WI,55005,55005,7.41
Bayfield,WI,55007,55007,8.06
Brown,WI,55009,55009,3.06
Buffalo,WI,55011,55011,5.45
Burnett,WI,55013,55013,14.86
Calumet,WI,55015,55015,3.16
Chippewa,WI,55017,55017,5.35
Clark,WI,55019,55019,5.6
Columbia,WI,55021,55021,6.14
Crawford,WI,55023,55023,7.83
Dane,WI,55025,55025,2.96
Dodge,WI,55027,55027,6.66
Door,WI,55029,55029,3.62
Douglas,WI,55031,55031,4.64
Dunn,WI,55033,55033,6.9
Eau Claire,WI,55035,55035,3.63
Florence,WI,55037,55037,6.29
Fond du Lac,WI,55039,55039,4.79
Forest,WI,55041,55041,5.81
Grant,WI,55043,55043,4.87
Green,WI,55045,55045,6.38
Green Lake,WI,55047,55047,8.14
Iowa,WI,55049,55049,8.61
Iron,WI,55051,55051,6.26
Jackson,WI,55053,55053,5.36
Jefferson,WI,55055,55055,6.96
Juneau,WI,55057,55057,6.65
Kenosha,WI,55059,55059,9.03
Kewaunee,WI,55061,55061,4.17
La Crosse,WI,55063,55063,2.64
Lafayette,WI,55065,55065,8.75
Langlade,WI,55067,55067,6.15
Lincoln,WI,55069,55069,5.39
Manitowoc,WI,55071,55071,3.35
Marathon,WI,55073,55073,2.9
Marinette,WI,55075,55075,6.41
Marquette,WI,55077,55077,14.18
Menominee,WI,55078,55078,5.37
Milwaukee,WI,55079,55079,3.93
Monroe,WI,55081,55081,3.32
Oconto,WI,55083,55083,6.13
Oneida,WI,55085,55085,5.21
Outagamie,WI,55087,55087,2.79
Ozaukee,WI,55089,55089,3.59
Pepin,WI,55091,55091,9.65
Pierce,WI,55093,55093,8.53
Polk,WI,55095,55095,14.32
Portage,WI,55097,55097,4
Price,WI,55099,55099,6.82
Racine,WI,55101,55101,5.56
Richland,WI,55103,55103,10.82
Rock,WI,55105,55105,5.52
Rusk,WI,55107,55107,9.18
St. Croix,WI,55109,55109,8.53
Sauk,WI,55111,55111,6.93
Sawyer,WI,55113,55113,5.38
Shawano,WI,55115,55115,6.51
Sheboygan,WI,55117,55117,4.39
Taylor,WI,55119,55119,8.41
Trempealeau,WI,55121,55121,4.33
Vernon,WI,55123,55123,6.74
Vilas,WI,55125,55125,4.4
Walworth,WI,55127,55127,8.38
Washburn,WI,55129,55129,7.48
Washington,WI,55131,55131,3.52
Waukesha,WI,55133,55133,4.13
Waupaca,WI,55135,55135,5.89
Waushara,WI,55137,55137,8.57
Winnebago,WI,55139,55139,3
Wood,WI,55141,55141,3.92
Albany,WY,56001,56001,2.5
Big Horn,WY,56003,56003,6.58
Campbell,WY,56005,56005,8.6
Carbon,WY,56007,56007,5.69
Converse,WY,56009,56009,16.81
Crook,WY,56011,56011,10.82
Fremont,WY,56013,56013,5.52
Goshen,WY,56015,56015,4.75
Hot Springs,WY,56017,56017,9.87
Johnson,WY,56019,56019,12.19
Laramie,WY,56021,56021,3.35
Lincoln,WY,56023,56023,17.36
Natrona,WY,56025,56025,3.08
Niobrara,WY,56027,56027,5.31
Park,WY,56029,56029,3.73
Platte,WY,56031,56031,5.63
Sheridan,WY,56033,56033,2.91
Sublette,WY,56035,56035,12.63
Sweetwater,WY,56037,56037,6
Teton,WY,56039,56039,1.06
Uinta,WY,56041,56041,10.66
Washakie,WY,56043,56043,2.42
Weston,WY,56045,56045,17.95