County,State,FIPS Code,Formatted FIPS,"Estimated percent of people with a hearing difficulty, between 2"
Autauga,AL,1001,01001,4.65
Baldwin,AL,1003,01003,4.53
Barbour,AL,1005,01005,5.54
Bibb,AL,1007,01007,3.85
Blount,AL,1009,01009,4.34
Bullock,AL,1011,01011,2.48
Butler,AL,1013,01013,3.91
Calhoun,AL,1015,01015,5.95
Chambers,AL,1017,01017,4.8
Cherokee,AL,1019,01019,4.56
Chilton,AL,1021,01021,4.93
Choctaw,AL,1023,01023,6.1
Clarke,AL,1025,01025,4.51
Clay,AL,1027,01027,6.8
Cleburne,AL,1029,01029,7.21
Coffee,AL,1031,01031,5.41
Colbert,AL,1033,01033,4.59
Conecuh,AL,1035,01035,4.91
Coosa,AL,1037,01037,7.18
Covington,AL,1039,01039,5.82
Crenshaw,AL,1041,01041,4.47
Cullman,AL,1043,01043,4.99
Dale,AL,1045,01045,5.94
Dallas,AL,1047,01047,3.79
DeKalb,AL,1049,01049,3.53
Elmore,AL,1051,01051,4.88
Escambia,AL,1053,01053,4.81
Etowah,AL,1055,01055,4.65
Fayette,AL,1057,01057,8.52
Franklin,AL,1059,01059,4.39
Geneva,AL,1061,01061,7.48
Greene,AL,1063,01063,5.12
Hale,AL,1065,01065,4.41
Henry,AL,1067,01067,5.55
Houston,AL,1069,01069,4.33
Jackson,AL,1071,01071,4.93
Jefferson,AL,1073,01073,3.67
Lamar,AL,1075,01075,6.56
Lauderdale,AL,1077,01077,4.42
Lawrence,AL,1079,01079,5.84
Lee,AL,1081,01081,3.58
Limestone,AL,1083,01083,4.72
Lowndes,AL,1085,01085,5.53
Macon,AL,1087,01087,3
Madison,AL,1089,01089,3.54
Marengo,AL,1091,01091,5.66
Marion,AL,1093,01093,6.98
Marshall,AL,1095,01095,4.02
Mobile,AL,1097,01097,3.72
Monroe,AL,1099,01099,3.03
Montgomery,AL,1101,01101,3.34
Morgan,AL,1103,01103,4.92
Perry,AL,1105,01105,5.51
Pickens,AL,1107,01107,7.51
Pike,AL,1109,01109,3.31
Randolph,AL,1111,01111,5.32
Russell,AL,1113,01113,5
St. Clair,AL,1115,01115,4.88
Shelby,AL,1117,01117,3.38
Sumter,AL,1119,01119,5.46
Talladega,AL,1121,01121,4.79
Tallapoosa,AL,1123,01123,5.03
Tuscaloosa,AL,1125,01125,2.91
Walker,AL,1127,01127,6.66
Washington,AL,1129,01129,7.5
Wilcox,AL,1131,01131,3.52
Winston,AL,1133,01133,7.07
Aleutians East,AK,2013,02013,4.7
Aleutians West,AK,2016,02016,4.09
Anchorage,AK,2020,02020,3.83
Bethel,AK,2050,02050,6.83
Bristol Bay,AK,2060,02060,6.28
Denali,AK,2068,02068,7.36
Dillingham,AK,2070,02070,7.91
Fairbanks North Star,AK,2090,02090,4.63
Haines,AK,2100,02100,6.17
Hoonah-Angoon,AK,2105,02105,9.36
Juneau,AK,2110,02110,3.54
Kenai Peninsula,AK,2122,02122,6.19
Ketchikan Gateway,AK,2130,02130,5.9
Kodiak Island,AK,2150,02150,3.15
Lake and Peninsula,AK,2164,02164,6.89
Matanuska-Susitna,AK,2170,02170,4.41
Nome,AK,2180,02180,5.93
North Slope,AK,2185,02185,5.72
Northwest Arctic,AK,2188,02188,4.59
Petersburg,AK,2195,02195,11.3
Prince of Wales-Hyder,AK,2198,02198,10.25
Sitka,AK,2220,02220,5.9
Skagway,AK,2230,02230,6.32
Southeast Fairbanks,AK,2240,02240,8.2
Valdez-Cordova,AK,2261,02261,6.11
Wade Hampton,AK,2270,02270,7.03
Wrangell,AK,2275,02275,6.73
Yakutat,AK,2282,02282,5.24
Yukon-Koyukuk,AK,2290,02290,8.53
Apache,AZ,4001,04001,5.64
Cochise,AZ,4003,04003,5.85
Coconino,AZ,4005,04005,3.7
Gila,AZ,4007,04007,8.29
Graham,AZ,4009,04009,3.27
Greenlee,AZ,4011,04011,3.64
La Paz,AZ,4012,04012,9.92
Maricopa,AZ,4013,04013,3.41
Mohave,AZ,4015,04015,7.09
Navajo,AZ,4017,04017,6.56
Pima,AZ,4019,04019,4.68
Pinal,AZ,4021,04021,5.13
Santa Cruz,AZ,4023,04023,4.54
Yavapai,AZ,4025,04025,6.38
Yuma,AZ,4027,04027,3.87
Arkansas,AR,5001,05001,5.3
Ashley,AR,5003,05003,5.6
Baxter,AR,5005,05005,6.58
Benton,AR,5007,05007,2.78
Boone,AR,5009,05009,6.08
Bradley,AR,5011,05011,7.16
Calhoun,AR,5013,05013,8.04
Carroll,AR,5015,05015,4.8
Chicot,AR,5017,05017,5.86
Clark,AR,5019,05019,7.11
Clay,AR,5021,05021,6.97
Cleburne,AR,5023,05023,6.21
Cleveland,AR,5025,05025,7.38
Columbia,AR,5027,05027,4.59
Conway,AR,5029,05029,7.59
Craighead,AR,5031,05031,4.48
Crawford,AR,5033,05033,6.03
Crittenden,AR,5035,05035,3.58
Cross,AR,5037,05037,5.29
Dallas,AR,5039,05039,7.47
Desha,AR,5041,05041,5.23
Drew,AR,5043,05043,6.06
Faulkner,AR,5045,05045,4.35
Franklin,AR,5047,05047,8.17
Fulton,AR,5049,05049,7.58
Garland,AR,5051,05051,6.19
Grant,AR,5053,05053,6.14
Greene,AR,5055,05055,6.86
Hempstead,AR,5057,05057,4.65
Hot Spring,AR,5059,05059,7.73
Howard,AR,5061,05061,5.84
Independence,AR,5063,05063,6.17
Izard,AR,5065,05065,10.26
Jackson,AR,5067,05067,6.36
Jefferson,AR,5069,05069,4.41
Johnson,AR,5071,05071,5.89
Lafayette,AR,5073,05073,6.85
Lawrence,AR,5075,05075,6.9
Lee,AR,5077,05077,4.15
Lincoln,AR,5079,05079,7.4
Little River,AR,5081,05081,6.51
Logan,AR,5083,05083,6.36
Lonoke,AR,5085,05085,4.13
Madison,AR,5087,05087,6.86
Marion,AR,5089,05089,6.68
Miller,AR,5091,05091,4.44
Mississippi,AR,5093,05093,5.5
Monroe,AR,5095,05095,7.06
Montgomery,AR,5097,05097,9.17
Nevada,AR,5099,05099,5.31
Newton,AR,5101,05101,6.9
Ouachita,AR,5103,05103,4.78
Perry,AR,5105,05105,8.27
Phillips,AR,5107,05107,5.09
Pike,AR,5109,05109,11.06
Poinsett,AR,5111,05111,6.68
Polk,AR,5113,05113,7.18
Pope,AR,5115,05115,5.07
Prairie,AR,5117,05117,6.42
Pulaski,AR,5119,05119,3.56
Randolph,AR,5121,05121,6.82
St. Francis,AR,5123,05123,3.7
Saline,AR,5125,05125,5.45
Scott,AR,5127,05127,7.2
Searcy,AR,5129,05129,5.92
Sebastian,AR,5131,05131,6.11
Sevier,AR,5133,05133,4.58
Sharp,AR,5135,05135,9.4
Stone,AR,5137,05137,6.47
Union,AR,5139,05139,4.48
Van Buren,AR,5141,05141,8.11
Washington,AR,5143,05143,2.71
White,AR,5145,05145,4.76
Woodruff,AR,5147,05147,8.29
Yell,AR,5149,05149,6.27
Alameda,CA,6001,06001,2.46
Alpine,CA,6003,06003,4.33
Amador,CA,6005,06005,5.99
Butte,CA,6007,06007,5.09
Calaveras,CA,6009,06009,8.31
Colusa,CA,6011,06011,4.34
Contra Costa,CA,6013,06013,3.09
Del Norte,CA,6015,06015,5.57
El Dorado,CA,6017,06017,4.24
Fresno,CA,6019,06019,3.65
Glenn,CA,6021,06021,4.93
Humboldt,CA,6023,06023,4.47
Imperial,CA,6025,06025,3.19
Inyo,CA,6027,06027,5.46
Kern,CA,6029,06029,2.8
Kings,CA,6031,06031,3.49
Lake,CA,6033,06033,7.05
Lassen,CA,6035,06035,5.96
Los Angeles,CA,6037,06037,2.53
Madera,CA,6039,06039,4.2
Marin,CA,6041,06041,3
Mariposa,CA,6043,06043,5.75
Mendocino,CA,6045,06045,5.02
Merced,CA,6047,06047,3.6
Modoc,CA,6049,06049,7.29
Mono,CA,6051,06051,0.88
Monterey,CA,6053,06053,2.73
Napa,CA,6055,06055,4
Nevada,CA,6057,06057,5.39
Orange,CA,6059,06059,2.55
Placer,CA,6061,06061,3.6
Plumas,CA,6063,06063,4.25
Riverside,CA,6065,06065,3.34
Sacramento,CA,6067,06067,3.09
San Benito,CA,6069,06069,2.48
San Bernardino,CA,6071,06071,2.86
San Diego,CA,6073,06073,2.77
San Francisco,CA,6075,06075,2.68
San Joaquin,CA,6077,06077,3.23
San Luis Obispo,CA,6079,06079,4.18
San Mateo,CA,6081,06081,2.48
Santa Barbara,CA,6083,06083,3.16
Santa Clara,CA,6085,06085,2.34
Santa Cruz,CA,6087,06087,3.28
Shasta,CA,6089,06089,6.19
Sierra,CA,6091,06091,3.68
Siskiyou,CA,6093,06093,6.88
Solano,CA,6095,06095,3.64
Sonoma,CA,6097,06097,3.69
Stanislaus,CA,6099,06099,4
Sutter,CA,6101,06101,4.02
Tehama,CA,6103,06103,6.11
Trinity,CA,6105,06105,10.46
Tulare,CA,6107,06107,3.3
Tuolumne,CA,6109,06109,6.93
Ventura,CA,6111,06111,3.35
Yolo,CA,6113,06113,2.97
Yuba,CA,6115,06115,3.85
Adams,CO,8001,08001,2.95
Alamosa,CO,8003,08003,5.14
Arapahoe,CO,8005,08005,2.69
Archuleta,CO,8007,08007,7.14
Baca,CO,8009,08009,8.41
Bent,CO,8011,08011,7.5
Boulder,CO,8013,08013,2.82
Broomfield,CO,8014,08014,2.89
Chaffee,CO,8015,08015,6.11
Cheyenne,CO,8017,08017,5.04
Clear Creek,CO,8019,08019,3.61
Conejos,CO,8021,08021,8.54
Costilla,CO,8023,08023,11.16
Crowley,CO,8025,08025,6.52
Custer,CO,8027,08027,5.2
Delta,CO,8029,08029,9.14
Denver,CO,8031,08031,2.69
Dolores,CO,8033,08033,11.25
Douglas,CO,8035,08035,2.39
Eagle,CO,8037,08037,1.36
Elbert,CO,8039,08039,3.22
El Paso,CO,8041,08041,3.74
Fremont,CO,8043,08043,7.26
Garfield,CO,8045,08045,2.73
Gilpin,CO,8047,08047,4.68
Grand,CO,8049,08049,2.06
Gunnison,CO,8051,08051,3.8
Hinsdale,CO,8053,08053,10.62
Huerfano,CO,8055,08055,10.57
Jackson,CO,8057,08057,1.99
Jefferson,CO,8059,08059,3.63
Kiowa,CO,8061,08061,7.8
Kit Carson,CO,8063,08063,6.63
Lake,CO,8065,08065,1.9
La Plata,CO,8067,08067,3.51
Larimer,CO,8069,08069,3.51
Las Animas,CO,8071,08071,9.62
Lincoln,CO,8073,08073,7.57
Logan,CO,8075,08075,4.61
Mesa,CO,8077,08077,5.19
Mineral,CO,8079,08079,8.25
Moffat,CO,8081,08081,4.17
Montezuma,CO,8083,08083,6.07
Montrose,CO,8085,08085,6.5
Morgan,CO,8087,08087,3.91
Otero,CO,8089,08089,8.13
Ouray,CO,8091,08091,6.11
Park,CO,8093,08093,5.36
Phillips,CO,8095,08095,3.33
Pitkin,CO,8097,08097,2.88
Prowers,CO,8099,08099,6.23
Pueblo,CO,8101,08101,6.65
Rio Blanco,CO,8103,08103,4.3
Rio Grande,CO,8105,08105,7.7
Routt,CO,8107,08107,2.11
Saguache,CO,8109,08109,5.45
San Juan,CO,8111,08111,7.13
San Miguel,CO,8113,08113,2.74
Sedgwick,CO,8115,08115,6.42
Summit,CO,8117,08117,2.2
Teller,CO,8119,08119,5.61
Washington,CO,8121,08121,4.62
Weld,CO,8123,08123,3.58
Yuma,CO,8125,08125,4.38
Fairfield,CT,9001,09001,2.53
Hartford,CT,9003,09003,3.29
Litchfield,CT,9005,09005,3.51
Middlesex,CT,9007,09007,3.11
New Haven,CT,9009,09009,3.01
New London,CT,9011,09011,3.75
Tolland,CT,9013,09013,2.92
Windham,CT,9015,09015,3.83
Kent,DE,10001,10001,3
New Castle,DE,10003,10003,2.68
Sussex,DE,10005,10005,4.34
District of Columbia,DC,11001,11001,2.14
Alachua,FL,12001,12001,3.09
Baker,FL,12003,12003,4.47
Bay,FL,12005,12005,5.84
Bradford,FL,12007,12007,5.38
Brevard,FL,12009,12009,4.84
Broward,FL,12011,12011,2.69
Calhoun,FL,12013,12013,7.85
Charlotte,FL,12015,12015,7.77
Citrus,FL,12017,12017,7.96
Clay,FL,12019,12019,3.71
Collier,FL,12021,12021,4.32
Columbia,FL,12023,12023,5.63
DeSoto,FL,12027,12027,5.61
Dixie,FL,12029,12029,7.61
Duval,FL,12031,12031,2.99
Escambia,FL,12033,12033,4.03
Flagler,FL,12035,12035,5.16
Franklin,FL,12037,12037,6.31
Gadsden,FL,12039,12039,5.05
Gilchrist,FL,12041,12041,8.34
Glades,FL,12043,12043,7.84
Gulf,FL,12045,12045,6.51
Hamilton,FL,12047,12047,6.08
Hardee,FL,12049,12049,3.68
Hendry,FL,12051,12051,3.58
Hernando,FL,12053,12053,6.42
Highlands,FL,12055,12055,6.78
Hillsborough,FL,12057,12057,3.05
Holmes,FL,12059,12059,8.1
Indian River,FL,12061,12061,5.75
Jackson,FL,12063,12063,6.42
Jefferson,FL,12065,12065,4.81
Lafayette,FL,12067,12067,4.53
Lake,FL,12069,12069,5.23
Lee,FL,12071,12071,4.61
Leon,FL,12073,12073,2.75
Levy,FL,12075,12075,6.5
Liberty,FL,12077,12077,8.16
Madison,FL,12079,12079,6.57
Manatee,FL,12081,12081,4.81
Marion,FL,12083,12083,5.65
Martin,FL,12085,12085,5.47
Miami-Dade,FL,12086,12086,2.15
Monroe,FL,12087,12087,3.52
Nassau,FL,12089,12089,4.59
Okaloosa,FL,12091,12091,4.58
Okeechobee,FL,12093,12093,4.82
Orange,FL,12095,12095,2.58
Osceola,FL,12097,12097,3.22
Palm Beach,FL,12099,12099,3.8
Pasco,FL,12101,12101,4.55
Pinellas,FL,12103,12103,4.75
Polk,FL,12105,12105,4.28
Putnam,FL,12107,12107,4.77
St. Johns,FL,12109,12109,3.62
St. Lucie,FL,12111,12111,4.75
Santa Rosa,FL,12113,12113,4.37
Sarasota,FL,12115,12115,5.82
Seminole,FL,12117,12117,2.88
Sumter,FL,12119,12119,9.19
Suwannee,FL,12121,12121,6.36
Taylor,FL,12123,12123,6.07
Union,FL,12125,12125,3.2
Volusia,FL,12127,12127,5.73
Wakulla,FL,12129,12129,4.28
Walton,FL,12131,12131,6.64
Washington,FL,12133,12133,6.11
Appling,GA,13001,13001,4.75
Atkinson,GA,13003,13003,4.59
Bacon,GA,13005,13005,5.46
Baker,GA,13007,13007,2.17
Baldwin,GA,13009,13009,3.17
Banks,GA,13011,13011,4.24
Barrow,GA,13013,13013,3.62
Bartow,GA,13015,13015,3.85
Ben Hill,GA,13017,13017,3.25
Berrien,GA,13019,13019,4.61
Bibb,GA,13021,13021,3.21
Bleckley,GA,13023,13023,4.86
Brantley,GA,13025,13025,5.43
Brooks,GA,13027,13027,4.27
Bryan,GA,13029,13029,3.4
Bulloch,GA,13031,13031,3.17
Burke,GA,13033,13033,3.75
Butts,GA,13035,13035,3.07
Calhoun,GA,13037,13037,4.05
Camden,GA,13039,13039,3.17
Candler,GA,13043,13043,3.66
Carroll,GA,13045,13045,4.14
Catoosa,GA,13047,13047,5.36
Charlton,GA,13049,13049,6.9
Chatham,GA,13051,13051,3.63
Chattahoochee,GA,13053,13053,2.79
Chattooga,GA,13055,13055,4.57
Cherokee,GA,13057,13057,3.07
Clarke,GA,13059,13059,2.33
Clay,GA,13061,13061,7.28
Clayton,GA,13063,13063,2.17
Clinch,GA,13065,13065,4.93
Cobb,GA,13067,13067,2.3
Coffee,GA,13069,13069,4.91
Colquitt,GA,13071,13071,3.98
Columbia,GA,13073,13073,3.26
Cook,GA,13075,13075,5.25
Coweta,GA,13077,13077,3.82
Crawford,GA,13079,13079,4.36
Crisp,GA,13081,13081,4.04
Dade,GA,13083,13083,5.89
Dawson,GA,13085,13085,6.01
Decatur,GA,13087,13087,3.59
DeKalb,GA,13089,13089,2.18
Dodge,GA,13091,13091,5.69
Dooly,GA,13093,13093,4.73
Dougherty,GA,13095,13095,3.01
Douglas,GA,13097,13097,3.12
Early,GA,13099,13099,4.31
Echols,GA,13101,13101,3.72
Effingham,GA,13103,13103,2.96
Elbert,GA,13105,13105,4.22
Emanuel,GA,13107,13107,5.72
Evans,GA,13109,13109,3.35
Fannin,GA,13111,13111,9.32
Fayette,GA,13113,13113,3.18
Floyd,GA,13115,13115,4.82
Forsyth,GA,13117,13117,2.34
Franklin,GA,13119,13119,4.65
Fulton,GA,13121,13121,2.01
Gilmer,GA,13123,13123,6.89
Glascock,GA,13125,13125,5.11
Glynn,GA,13127,13127,4.56
Gordon,GA,13129,13129,5.08
Grady,GA,13131,13131,5.69
Greene,GA,13133,13133,4.2
Gwinnett,GA,13135,13135,1.63
Habersham,GA,13137,13137,4.62
Hall,GA,13139,13139,3.37
Hancock,GA,13141,13141,4.89
Haralson,GA,13143,13143,6.56
Harris,GA,13145,13145,6.48
Hart,GA,13147,13147,6.35
Heard,GA,13149,13149,5.77
Henry,GA,13151,13151,2.4
Houston,GA,13153,13153,3.9
Irwin,GA,13155,13155,6.38
Jackson,GA,13157,13157,3.86
Jasper,GA,13159,13159,6.39
Jeff Davis,GA,13161,13161,4.67
Jefferson,GA,13163,13163,3.87
Jenkins,GA,13165,13165,4
Johnson,GA,13167,13167,6.6
Jones,GA,13169,13169,4.35
Lamar,GA,13171,13171,5.14
Lanier,GA,13173,13173,4.74
Laurens,GA,13175,13175,3.83
Lee,GA,13177,13177,3.22
Liberty,GA,13179,13179,2.98
Lincoln,GA,13181,13181,4.75
Long,GA,13183,13183,4.62
Lowndes,GA,13185,13185,3.3
Lumpkin,GA,13187,13187,4.38
McDuffie,GA,13189,13189,3.12
McIntosh,GA,13191,13191,7.94
Macon,GA,13193,13193,5.76
Madison,GA,13195,13195,5.71
Marion,GA,13197,13197,3.98
Meriwether,GA,13199,13199,6.41
Miller,GA,13201,13201,4.75
Mitchell,GA,13205,13205,4.68
Monroe,GA,13207,13207,4.27
Montgomery,GA,13209,13209,3.7
Morgan,GA,13211,13211,4.67
Murray,GA,13213,13213,3.39
Muscogee,GA,13215,13215,4.37
Newton,GA,13217,13217,4.4
Oconee,GA,13219,13219,3.72
Oglethorpe,GA,13221,13221,4.61
Paulding,GA,13223,13223,3
Peach,GA,13225,13225,4.06
Pickens,GA,13227,13227,6.19
Pierce,GA,13229,13229,4.25
Pike,GA,13231,13231,3.28
Polk,GA,13233,13233,4.01
Pulaski,GA,13235,13235,6.86
Putnam,GA,13237,13237,5.54
Quitman,GA,13239,13239,2.97
Rabun,GA,13241,13241,5.5
Randolph,GA,13243,13243,4.4
Richmond,GA,13245,13245,3.68
Rockdale,GA,13247,13247,2.92
Schley,GA,13249,13249,4.88
Screven,GA,13251,13251,3.54
Seminole,GA,13253,13253,5.03
Spalding,GA,13255,13255,3.64
Stephens,GA,13257,13257,5.37
Stewart,GA,13259,13259,6.35
Sumter,GA,13261,13261,3.75
Talbot,GA,13263,13263,6.03
Taliaferro,GA,13265,13265,4.23
Tattnall,GA,13267,13267,5.25
Taylor,GA,13269,13269,5.24
Telfair,GA,13271,13271,4.2
Terrell,GA,13273,13273,3.34
Thomas,GA,13275,13275,5.42
Tift,GA,13277,13277,2.53
Toombs,GA,13279,13279,3.96
Towns,GA,13281,13281,6.86
Treutlen,GA,13283,13283,5.16
Troup,GA,13285,13285,4.63
Turner,GA,13287,13287,6.18
Twiggs,GA,13289,13289,5.6
Union,GA,13291,13291,6.82
Upson,GA,13293,13293,4.43
Walker,GA,13295,13295,5.44
Walton,GA,13297,13297,4.21
Ware,GA,13299,13299,4.33
Warren,GA,13301,13301,3.06
Washington,GA,13303,13303,4.08
Wayne,GA,13305,13305,4.07
Webster,GA,13307,13307,5.1
Wheeler,GA,13309,13309,1.76
White,GA,13311,13311,8.26
Whitfield,GA,13313,13313,3.05
Wilcox,GA,13315,13315,3.81
Wilkes,GA,13317,13317,4.32
Wilkinson,GA,13319,13319,2.86
Worth,GA,13321,13321,5
Hawaii,HI,15001,15001,5.36
Honolulu,HI,15003,15003,3.44
Kalawao,HI,15005,15005,16.39
Kauai,HI,15007,15007,3.55
Maui,HI,15009,15009,3.54
Ada,ID,16001,16001,3.42
Adams,ID,16003,16003,9.21
Bannock,ID,16005,16005,4.81
Bear Lake,ID,16007,16007,4.85
Benewah,ID,16009,16009,7.24
Bingham,ID,16011,16011,5.55
Blaine,ID,16013,16013,4.85
Boise,ID,16015,16015,5.93
Bonner,ID,16017,16017,5.62
Bonneville,ID,16019,16019,4.36
Boundary,ID,16021,16021,3.66
Butte,ID,16023,16023,6.97
Camas,ID,16025,16025,5.82
Canyon,ID,16027,16027,4.55
Caribou,ID,16029,16029,4.27
Cassia,ID,16031,16031,4.98
Clark,ID,16033,16033,2.08
Clearwater,ID,16035,16035,9.31
Custer,ID,16037,16037,10.58
Elmore,ID,16039,16039,5.25
Franklin,ID,16041,16041,5.51
Fremont,ID,16043,16043,4.87
Gem,ID,16045,16045,6.66
Gooding,ID,16047,16047,3.92
Idaho,ID,16049,16049,11
Jefferson,ID,16051,16051,3.89
Jerome,ID,16053,16053,4.15
Kootenai,ID,16055,16055,5.32
Latah,ID,16057,16057,3.78
Lemhi,ID,16059,16059,8.6
Lewis,ID,16061,16061,10.97
Lincoln,ID,16063,16063,5.08
Madison,ID,16065,16065,2.04
Minidoka,ID,16067,16067,5.34
Nez Perce,ID,16069,16069,5.63
Oneida,ID,16071,16071,4.91
Owyhee,ID,16073,16073,6.29
Payette,ID,16075,16075,5.92
Power,ID,16077,16077,7.27
Shoshone,ID,16079,16079,9.77
Teton,ID,16081,16081,3.37
Twin Falls,ID,16083,16083,3.93
Valley,ID,16085,16085,7.37
Washington,ID,16087,16087,8.26
Adams,IL,17001,17001,4.61
Alexander,IL,17003,17003,4.61
Bond,IL,17005,17005,6.62
Boone,IL,17007,17007,2.47
Brown,IL,17009,17009,5.01
Bureau,IL,17011,17011,4.08
Calhoun,IL,17013,17013,6.93
Carroll,IL,17015,17015,4.56
Cass,IL,17017,17017,4.53
Champaign,IL,17019,17019,2.5
Christian,IL,17021,17021,4.14
Clark,IL,17023,17023,6.77
Clay,IL,17025,17025,6.43
Clinton,IL,17027,17027,5.12
Coles,IL,17029,17029,4.14
Cook,IL,17031,17031,2.37
Crawford,IL,17033,17033,6.62
Cumberland,IL,17035,17035,7.35
DeKalb,IL,17037,17037,2.58
De Witt,IL,17039,17039,3.57
Douglas,IL,17041,17041,3.49
DuPage,IL,17043,17043,2.35
Edgar,IL,17045,17045,5.77
Edwards,IL,17047,17047,6.35
Effingham,IL,17049,17049,4.48
Fayette,IL,17051,17051,7.2
Ford,IL,17053,17053,5.15
Franklin,IL,17055,17055,6
Fulton,IL,17057,17057,5.63
Gallatin,IL,17059,17059,8.69
Greene,IL,17061,17061,3.8
Grundy,IL,17063,17063,2.28
Hamilton,IL,17065,17065,9.14
Hancock,IL,17067,17067,5.07
Hardin,IL,17069,17069,11.92
Henderson,IL,17071,17071,8.14
Henry,IL,17073,17073,3.91
Iroquois,IL,17075,17075,4.89
Jackson,IL,17077,17077,4.1
Jasper,IL,17079,17079,7.45
Jefferson,IL,17081,17081,6.59
Jersey,IL,17083,17083,3.95
Jo Daviess,IL,17085,17085,4.94
Johnson,IL,17087,17087,5.17
Kane,IL,17089,17089,2.19
Kankakee,IL,17091,17091,3.17
Kendall,IL,17093,17093,2.34
Knox,IL,17095,17095,4.78
Lake,IL,17097,17097,2.6
LaSalle,IL,17099,17099,4.06
Lawrence,IL,17101,17101,7.25
Lee,IL,17103,17103,5.26
Livingston,IL,17105,17105,4.55
Logan,IL,17107,17107,4.59
McDonough,IL,17109,17109,4.44
McHenry,IL,17111,17111,3.01
McLean,IL,17113,17113,2.82
Macon,IL,17115,17115,4.56
Macoupin,IL,17117,17117,4.45
Madison,IL,17119,17119,3.97
Marion,IL,17121,17121,6.41
Marshall,IL,17123,17123,4.06
Mason,IL,17125,17125,6.21
Massac,IL,17127,17127,4.38
Menard,IL,17129,17129,4.24
Mercer,IL,17131,17131,4.83
Monroe,IL,17133,17133,4.15
Montgomery,IL,17135,17135,5.1
Morgan,IL,17137,17137,5.07
Moultrie,IL,17139,17139,3.13
Ogle,IL,17141,17141,4.06
Peoria,IL,17143,17143,3.12
Perry,IL,17145,17145,5.97
Piatt,IL,17147,17147,4.7
Pike,IL,17149,17149,6
Pope,IL,17151,17151,8.82
Pulaski,IL,17153,17153,4.47
Putnam,IL,17155,17155,5.3
Randolph,IL,17157,17157,5.26
Richland,IL,17159,17159,5.84
Rock Island,IL,17161,17161,3.76
St. Clair,IL,17163,17163,3.59
Saline,IL,17165,17165,6.96
Sangamon,IL,17167,17167,4.02
Schuyler,IL,17169,17169,6.71
Scott,IL,17171,17171,3.01
Shelby,IL,17173,17173,4.91
Stark,IL,17175,17175,3.5
Stephenson,IL,17177,17177,4.79
Tazewell,IL,17179,17179,3.53
Union,IL,17181,17181,4.41
Vermilion,IL,17183,17183,3.61
Wabash,IL,17185,17185,6.5
Warren,IL,17187,17187,4.53
Washington,IL,17189,17189,4.44
Wayne,IL,17191,17191,5.8
White,IL,17193,17193,5.68
Whiteside,IL,17195,17195,4.94
Will,IL,17197,17197,2.44
Williamson,IL,17199,17199,4.35
Winnebago,IL,17201,17201,3.66
Woodford,IL,17203,17203,3.08
Adams,IN,18001,18001,3.58
Allen,IN,18003,18003,3.31
Bartholomew,IN,18005,18005,4.09
Benton,IN,18007,18007,4.92
Blackford,IN,18009,18009,5.49
Boone,IN,18011,18011,3.19
Brown,IN,18013,18013,5.75
Carroll,IN,18015,18015,5.87
Cass,IN,18017,18017,5.2
Clark,IN,18019,18019,3.94
Clay,IN,18021,18021,4.88
Clinton,IN,18023,18023,4.1
Crawford,IN,18025,18025,6.83
Daviess,IN,18027,18027,5.03
Dearborn,IN,18029,18029,3.58
Decatur,IN,18031,18031,4.21
DeKalb,IN,18033,18033,4.51
Delaware,IN,18035,18035,4.55
Dubois,IN,18037,18037,3.03
Elkhart,IN,18039,18039,3.45
Fayette,IN,18041,18041,4.59
Floyd,IN,18043,18043,3.61
Fountain,IN,18045,18045,5.53
Franklin,IN,18047,18047,4.02
Fulton,IN,18049,18049,6.55
Gibson,IN,18051,18051,4.11
Grant,IN,18053,18053,5.39
Greene,IN,18055,18055,5.89
Hamilton,IN,18057,18057,2.4
Hancock,IN,18059,18059,4.24
Harrison,IN,18061,18061,5.74
Hendricks,IN,18063,18063,3.34
Henry,IN,18065,18065,5.03
Howard,IN,18067,18067,5.26
Huntington,IN,18069,18069,5.05
Jackson,IN,18071,18071,4.76
Jasper,IN,18073,18073,5.22
Jay,IN,18075,18075,5.1
Jefferson,IN,18077,18077,4.09
Jennings,IN,18079,18079,5.39
Johnson,IN,18081,18081,2.64
Knox,IN,18083,18083,5.69
Kosciusko,IN,18085,18085,4.28
LaGrange,IN,18087,18087,3.44
Lake,IN,18089,18089,3.45
LaPorte,IN,18091,18091,3.78
Lawrence,IN,18093,18093,4.97
Madison,IN,18095,18095,5.28
Marion,IN,18097,18097,3.12
Marshall,IN,18099,18099,4.24
Martin,IN,18101,18101,7.42
Miami,IN,18103,18103,5.44
Monroe,IN,18105,18105,3.65
Montgomery,IN,18107,18107,4.82
Morgan,IN,18109,18109,4.72
Newton,IN,18111,18111,5.45
Noble,IN,18113,18113,4.59
Ohio,IN,18115,18115,4.93
Orange,IN,18117,18117,6.93
Owen,IN,18119,18119,6.01
Parke,IN,18121,18121,6.23
Perry,IN,18123,18123,3.91
Pike,IN,18125,18125,5.62
Porter,IN,18127,18127,2.91
Posey,IN,18129,18129,3.82
Pulaski,IN,18131,18131,6.33
Putnam,IN,18133,18133,3.45
Randolph,IN,18135,18135,5.12
Ripley,IN,18137,18137,4.81
Rush,IN,18139,18139,5.2
St. Joseph,IN,18141,18141,3.78
Scott,IN,18143,18143,6.78
Shelby,IN,18145,18145,3.53
Spencer,IN,18147,18147,4.6
Starke,IN,18149,18149,3.72
Steuben,IN,18151,18151,4.5
Sullivan,IN,18153,18153,5.11
Switzerland,IN,18155,18155,6.47
Tippecanoe,IN,18157,18157,2.68
Tipton,IN,18159,18159,4.52
Union,IN,18161,18161,4.51
Vanderburgh,IN,18163,18163,4.17
Vermillion,IN,18165,18165,5.98
Vigo,IN,18167,18167,5.36
Wabash,IN,18169,18169,3.9
Warren,IN,18171,18171,5.76
Warrick,IN,18173,18173,4.02
Washington,IN,18175,18175,4.64
Wayne,IN,18177,18177,5
Wells,IN,18179,18179,4.16
White,IN,18181,18181,5.69
Whitley,IN,18183,18183,5.26
Adair,IA,19001,19001,5.16
Adams,IA,19003,19003,6.4
Allamakee,IA,19005,19005,5.2
Appanoose,IA,19007,19007,5.69
Audubon,IA,19009,19009,5.56
Benton,IA,19011,19011,3.32
Black Hawk,IA,19013,19013,3.86
Boone,IA,19015,19015,4.71
Bremer,IA,19017,19017,4.45
Buchanan,IA,19019,19019,4.55
Buena Vista,IA,19021,19021,3.27
Butler,IA,19023,19023,3.53
Calhoun,IA,19025,19025,4.48
Carroll,IA,19027,19027,3.43
Cass,IA,19029,19029,4.64
Cedar,IA,19031,19031,3.38
Cerro Gordo,IA,19033,19033,5.28
Cherokee,IA,19035,19035,3.65
Chickasaw,IA,19037,19037,6.2
Clarke,IA,19039,19039,5.89
Clay,IA,19041,19041,5
Clayton,IA,19043,19043,3.84
Clinton,IA,19045,19045,3.57
Crawford,IA,19047,19047,4.57
Dallas,IA,19049,19049,2.77
Davis,IA,19051,19051,4.51
Decatur,IA,19053,19053,4.48
Delaware,IA,19055,19055,4.06
Des Moines,IA,19057,19057,4.32
Dickinson,IA,19059,19059,6.56
Dubuque,IA,19061,19061,3.48
Emmet,IA,19063,19063,5.37
Fayette,IA,19065,19065,4.7
Floyd,IA,19067,19067,5
Franklin,IA,19069,19069,2.95
Fremont,IA,19071,19071,3.77
Greene,IA,19073,19073,6.09
Grundy,IA,19075,19075,3.4
Guthrie,IA,19077,19077,4.65
Hamilton,IA,19079,19079,4.04
Hancock,IA,19081,19081,4.75
Hardin,IA,19083,19083,4.57
Harrison,IA,19085,19085,4.36
Henry,IA,19087,19087,4.77
Howard,IA,19089,19089,4.02
Humboldt,IA,19091,19091,5.01
Ida,IA,19093,19093,6.36
Iowa,IA,19095,19095,4.42
Jackson,IA,19097,19097,4.02
Jasper,IA,19099,19099,4.85
Jefferson,IA,19101,19101,3.84
Johnson,IA,19103,19103,2.18
Jones,IA,19105,19105,4.61
Keokuk,IA,19107,19107,4.8
Kossuth,IA,19109,19109,5.55
Lee,IA,19111,19111,5.15
Linn,IA,19113,19113,3.19
Louisa,IA,19115,19115,4.04
Lucas,IA,19117,19117,5.39
Lyon,IA,19119,19119,4.68
Madison,IA,19121,19121,4.27
Mahaska,IA,19123,19123,4.83
Marion,IA,19125,19125,5.46
Marshall,IA,19127,19127,4.14
Mills,IA,19129,19129,5.03
Mitchell,IA,19131,19131,4.16
Monona,IA,19133,19133,5.53
Monroe,IA,19135,19135,6.35
Montgomery,IA,19137,19137,4.6
Muscatine,IA,19139,19139,2.93
O'Brien,IA,19141,19141,5.18
Osceola,IA,19143,19143,5.14
Page,IA,19145,19145,5.77
Palo Alto,IA,19147,19147,5.72
Plymouth,IA,19149,19149,3.78
Pocahontas,IA,19151,19151,4.93
Polk,IA,19153,19153,3.05
Pottawattamie,IA,19155,19155,3.95
Poweshiek,IA,19157,19157,3.25
Ringgold,IA,19159,19159,4.25
Sac,IA,19161,19161,3.84
Scott,IA,19163,19163,2.97
Shelby,IA,19165,19165,4.42
Sioux,IA,19167,19167,3.34
Story,IA,19169,19169,2.02
Tama,IA,19171,19171,3.8
Taylor,IA,19173,19173,6.8
Union,IA,19175,19175,5.52
Van Buren,IA,19177,19177,4.63
Wapello,IA,19179,19179,4.95
Warren,IA,19181,19181,3.48
Washington,IA,19183,19183,3.71
Wayne,IA,19185,19185,5.16
Webster,IA,19187,19187,3.72
Winnebago,IA,19189,19189,4.77
Winneshiek,IA,19191,19191,3.1
Woodbury,IA,19193,19193,3.24
Worth,IA,19195,19195,5.39
Wright,IA,19197,19197,4.26
Allen,KS,20001,20001,6.48
Anderson,KS,20003,20003,6.59
Atchison,KS,20005,20005,4.26
Barber,KS,20007,20007,7.35
Barton,KS,20009,20009,4.96
Bourbon,KS,20011,20011,7.21
Brown,KS,20013,20013,4.54
Butler,KS,20015,20015,3.75
Chase,KS,20017,20017,4.59
Chautauqua,KS,20019,20019,6.91
Cherokee,KS,20021,20021,7.76
Cheyenne,KS,20023,20023,7.91
Clark,KS,20025,20025,7.18
Clay,KS,20027,20027,5.29
Cloud,KS,20029,20029,4.43
Coffey,KS,20031,20031,6.38
Comanche,KS,20033,20033,6.06
Cowley,KS,20035,20035,4.94
Crawford,KS,20037,20037,5.58
Decatur,KS,20039,20039,8.59
Dickinson,KS,20041,20041,5.47
Doniphan,KS,20043,20043,4.24
Douglas,KS,20045,20045,2.95
Edwards,KS,20047,20047,5.76
Elk,KS,20049,20049,8.04
Ellis,KS,20051,20051,3.54
Ellsworth,KS,20053,20053,6.76
Finney,KS,20055,20055,3.3
Ford,KS,20057,20057,2.62
Franklin,KS,20059,20059,6.45
Geary,KS,20061,20061,3.23
Gove,KS,20063,20063,8.82
Graham,KS,20065,20065,6.59
Grant,KS,20067,20067,3.19
Gray,KS,20069,20069,4.35
Greeley,KS,20071,20071,8.84
Greenwood,KS,20073,20073,8
Hamilton,KS,20075,20075,3.43
Harper,KS,20077,20077,5.2
Harvey,KS,20079,20079,5.17
Haskell,KS,20081,20081,2.23
Hodgeman,KS,20083,20083,8.95
Jackson,KS,20085,20085,6.53
Jefferson,KS,20087,20087,5.21
Jewell,KS,20089,20089,5.89
Johnson,KS,20091,20091,2.76
Kearny,KS,20093,20093,7.43
Kingman,KS,20095,20095,6.8
Kiowa,KS,20097,20097,6.19
Labette,KS,20099,20099,5.71
Lane,KS,20101,20101,6.16
Leavenworth,KS,20103,20103,4.94
Lincoln,KS,20105,20105,5.47
Linn,KS,20107,20107,8.04
Logan,KS,20109,20109,6.62
Lyon,KS,20111,20111,3.68
McPherson,KS,20113,20113,4.85
Marion,KS,20115,20115,5.3
Marshall,KS,20117,20117,5.17
Meade,KS,20119,20119,3.55
Miami,KS,20121,20121,5.77
Mitchell,KS,20123,20123,6.9
Montgomery,KS,20125,20125,6.09
Morris,KS,20127,20127,6.28
Morton,KS,20129,20129,8.4
Nemaha,KS,20131,20131,5.91
Neosho,KS,20133,20133,7.1
Ness,KS,20135,20135,7.35
Norton,KS,20137,20137,5.14
Osage,KS,20139,20139,5.09
Osborne,KS,20141,20141,6.73
Ottawa,KS,20143,20143,4.69
Pawnee,KS,20145,20145,5.27
Phillips,KS,20147,20147,6.25
Pottawatomie,KS,20149,20149,2.96
Pratt,KS,20151,20151,4.15
Rawlins,KS,20153,20153,7.99
Reno,KS,20155,20155,5.04
Republic,KS,20157,20157,4.62
Rice,KS,20159,20159,7.95
Riley,KS,20161,20161,3.03
Rooks,KS,20163,20163,5.79
Rush,KS,20165,20165,5.76
Russell,KS,20167,20167,7.14
Saline,KS,20169,20169,4.67
Scott,KS,20171,20171,3.68
Sedgwick,KS,20173,20173,4
Seward,KS,20175,20175,1.68
Shawnee,KS,20177,20177,3.94
Sheridan,KS,20179,20179,6.58
Sherman,KS,20181,20181,5.22
Smith,KS,20183,20183,7.04
Stafford,KS,20185,20185,5.39
Stanton,KS,20187,20187,6.73
Stevens,KS,20189,20189,4.84
Sumner,KS,20191,20191,5.54
Thomas,KS,20193,20193,4.96
Trego,KS,20195,20195,6.14
Wabaunsee,KS,20197,20197,5.81
Wallace,KS,20199,20199,7.81
Washington,KS,20201,20201,4.62
Wichita,KS,20203,20203,8.76
Wilson,KS,20205,20205,7.65
Woodson,KS,20207,20207,8.86
Wyandotte,KS,20209,20209,3.82
Adair,KY,21001,21001,6.62
Allen,KY,21003,21003,6.33
Anderson,KY,21005,21005,4.35
Ballard,KY,21007,21007,5.41
Barren,KY,21009,21009,5.32
Bath,KY,21011,21011,7.66
Bell,KY,21013,21013,8.98
Boone,KY,21015,21015,3.61
Bourbon,KY,21017,21017,4.99
Boyd,KY,21019,21019,6.61
Boyle,KY,21021,21021,5.57
Bracken,KY,21023,21023,4.29
Breathitt,KY,21025,21025,11.41
Breckinridge,KY,21027,21027,6.1
Bullitt,KY,21029,21029,4.96
Butler,KY,21031,21031,6.78
Caldwell,KY,21033,21033,7.98
Calloway,KY,21035,21035,3.87
Campbell,KY,21037,21037,3.4
Carlisle,KY,21039,21039,3.53
Carroll,KY,21041,21041,5.05
Carter,KY,21043,21043,7.11
Casey,KY,21045,21045,6.07
Christian,KY,21047,21047,5.47
Clark,KY,21049,21049,4.89
Clay,KY,21051,21051,8.74
Clinton,KY,21053,21053,7.2
Crittenden,KY,21055,21055,7.4
Cumberland,KY,21057,21057,4.94
Daviess,KY,21059,21059,4.78
Edmonson,KY,21061,21061,7.69
Elliott,KY,21063,21063,7.3
Estill,KY,21065,21065,5.8
Fayette,KY,21067,21067,3.19
Fleming,KY,21069,21069,7.19
Floyd,KY,21071,21071,8.5
Franklin,KY,21073,21073,5.49
Fulton,KY,21075,21075,3.68
Gallatin,KY,21077,21077,3.66
Garrard,KY,21079,21079,5.26
Grant,KY,21081,21081,4.25
Graves,KY,21083,21083,4.01
Grayson,KY,21085,21085,5.95
Green,KY,21087,21087,8.45
Greenup,KY,21089,21089,5.5
Hancock,KY,21091,21091,6.53
Hardin,KY,21093,21093,5.37
Harlan,KY,21095,21095,10.21
Harrison,KY,21097,21097,5.4
Hart,KY,21099,21099,6.05
Henderson,KY,21101,21101,5.74
Henry,KY,21103,21103,5.21
Hickman,KY,21105,21105,7.28
Hopkins,KY,21107,21107,5.63
Jackson,KY,21109,21109,9.68
Jefferson,KY,21111,21111,3.33
Jessamine,KY,21113,21113,3.88
Johnson,KY,21115,21115,9.68
Kenton,KY,21117,21117,3.91
Knott,KY,21119,21119,9.11
Knox,KY,21121,21121,5.11
Larue,KY,21123,21123,6.71
Laurel,KY,21125,21125,4.68
Lawrence,KY,21127,21127,7.29
Lee,KY,21129,21129,10.8
Leslie,KY,21131,21131,10.22
Letcher,KY,21133,21133,10.01
Lewis,KY,21135,21135,6.15
Lincoln,KY,21137,21137,4.24
Livingston,KY,21139,21139,9.11
Logan,KY,21141,21141,3.31
Lyon,KY,21143,21143,8.58
McCracken,KY,21145,21145,3.75
McCreary,KY,21147,21147,8.03
McLean,KY,21149,21149,5.28
Madison,KY,21151,21151,3.85
Magoffin,KY,21153,21153,12.54
Marion,KY,21155,21155,4.74
Marshall,KY,21157,21157,5.83
Martin,KY,21159,21159,12.23
Mason,KY,21161,21161,5.76
Meade,KY,21163,21163,5.92
Menifee,KY,21165,21165,6.18
Mercer,KY,21167,21167,4.14
Metcalfe,KY,21169,21169,8.37
Monroe,KY,21171,21171,6.75
Montgomery,KY,21173,21173,6.85
Morgan,KY,21175,21175,8.87
Muhlenberg,KY,21177,21177,7.95
Nelson,KY,21179,21179,4.86
Nicholas,KY,21181,21181,6.21
Ohio,KY,21183,21183,5.53
Oldham,KY,21185,21185,2.5
Owen,KY,21187,21187,4.94
Owsley,KY,21189,21189,11.15
Pendleton,KY,21191,21191,4.06
Perry,KY,21193,21193,9.8
Pike,KY,21195,21195,8.01
Powell,KY,21197,21197,8.51
Pulaski,KY,21199,21199,5.17
Robertson,KY,21201,21201,6.12
Rockcastle,KY,21203,21203,6.78
Rowan,KY,21205,21205,4.98
Russell,KY,21207,21207,6.38
Scott,KY,21209,21209,3.95
Shelby,KY,21211,21211,4.11
Simpson,KY,21213,21213,4.66
Spencer,KY,21215,21215,5.12
Taylor,KY,21217,21217,5.38
Todd,KY,21219,21219,3.66
Trigg,KY,21221,21221,8.48
Trimble,KY,21223,21223,6.07
Union,KY,21225,21225,5.32
Warren,KY,21227,21227,4.17
Washington,KY,21229,21229,6.36
Wayne,KY,21231,21231,6.73
Webster,KY,21233,21233,6.26
Whitley,KY,21235,21235,5.96
Wolfe,KY,21237,21237,10.8
Woodford,KY,21239,21239,4.26
Acadia,LA,22001,22001,5.17
Allen,LA,22003,22003,7.34
Ascension,LA,22005,22005,3.19
Assumption,LA,22007,22007,6.42
Avoyelles,LA,22009,22009,7.12
Beauregard,LA,22011,22011,6.65
Bienville,LA,22013,22013,7.56
Bossier,LA,22015,22015,3.03
Caddo,LA,22017,22017,3.85
Calcasieu,LA,22019,22019,4.69
Caldwell,LA,22021,22021,4.73
Cameron,LA,22023,22023,7.09
Catahoula,LA,22025,22025,4.51
Claiborne,LA,22027,22027,4.93
Concordia,LA,22029,22029,3.56
De Soto,LA,22031,22031,4.91
East Baton Rouge,LA,22033,22033,3.14
East Carroll,LA,22035,22035,2.94
East Feliciana,LA,22037,22037,4.25
Evangeline,LA,22039,22039,7.22
Franklin,LA,22041,22041,3.97
Grant,LA,22043,22043,4.22
Iberia,LA,22045,22045,4.5
Iberville,LA,22047,22047,4.01
Jackson,LA,22049,22049,7.08
Jefferson,LA,22051,22051,3.68
Jefferson Davis,LA,22053,22053,6.51
Lafayette,LA,22055,22055,2.77
Lafourche,LA,22057,22057,4.87
La Salle,LA,22059,22059,4.68
Lincoln,LA,22061,22061,3.72
Livingston,LA,22063,22063,4.02
Madison,LA,22065,22065,4.35
Morehouse,LA,22067,22067,3.63
Natchitoches,LA,22069,22069,3.65
Orleans,LA,22071,22071,2.88
Ouachita,LA,22073,22073,3.34
Plaquemines,LA,22075,22075,5.41
Pointe Coupee,LA,22077,22077,8.19
Rapides,LA,22079,22079,3.92
Red River,LA,22081,22081,4.72
Richland,LA,22083,22083,3.91
Sabine,LA,22085,22085,4.74
St. Bernard,LA,22087,22087,3.52
St. Charles,LA,22089,22089,3.23
St. Helena,LA,22091,22091,4.98
St. James,LA,22093,22093,4.49
St. John the Baptist,LA,22095,22095,3.02
St. Landry,LA,22097,22097,3.12
St. Martin,LA,22099,22099,3.7
St. Mary,LA,22101,22101,4.52
St. Tammany,LA,22103,22103,4.22
Tangipahoa,LA,22105,22105,5.03
Tensas,LA,22107,22107,4.01
Terrebonne,LA,22109,22109,3.89
Union,LA,22111,22111,5.36
Vermilion,LA,22113,22113,4.14
Vernon,LA,22115,22115,6.26
Washington,LA,22117,22117,4.83
Webster,LA,22119,22119,4.03
West Baton Rouge,LA,22121,22121,3.73
West Carroll,LA,22123,22123,4.62
West Feliciana,LA,22125,22125,3.04
Winn,LA,22127,22127,6.05
Androscoggin,ME,23001,23001,4.21
Aroostook,ME,23003,23003,7.51
Cumberland,ME,23005,23005,3.68
Franklin,ME,23007,23007,5.25
Hancock,ME,23009,23009,5.15
Kennebec,ME,23011,23011,5.26
Knox,ME,23013,23013,5.15
Lincoln,ME,23015,23015,5.23
Oxford,ME,23017,23017,5.79
Penobscot,ME,23019,23019,5.44
Piscataquis,ME,23021,23021,9.44
Sagadahoc,ME,23023,23023,4.2
Somerset,ME,23025,23025,6.66
Waldo,ME,23027,23027,5.82
Washington,ME,23029,23029,7.64
York,ME,23031,23031,4.78
Allegany,MD,24001,24001,5.17
Anne Arundel,MD,24003,24003,2.91
Baltimore,MD,24005,24005,2.86
Calvert,MD,24009,24009,3.67
Caroline,MD,24011,24011,3.39
Carroll,MD,24013,24013,3.38
Cecil,MD,24015,24015,3.42
Charles,MD,24017,24017,2.41
Dorchester,MD,24019,24019,4.9
Frederick,MD,24021,24021,3.24
Garrett,MD,24023,24023,4.51
Harford,MD,24025,24025,3.13
Howard,MD,24027,24027,2.27
Kent,MD,24029,24029,3.8
Montgomery,MD,24031,24031,2.24
Prince George's,MD,24033,24033,1.92
Queen Anne's,MD,24035,24035,2.91
St. Mary's,MD,24037,24037,4.22
Somerset,MD,24039,24039,3.67
Talbot,MD,24041,24041,5.23
Washington,MD,24043,24043,4.06
Wicomico,MD,24045,24045,2.73
Worcester,MD,24047,24047,4.2
Baltimore City,MD,24510,24510,2.38
Barnstable,MA,25001,25001,4.95
Berkshire,MA,25003,25003,4.68
Bristol,MA,25005,25005,3.99
Dukes,MA,25007,25007,5.01
Essex,MA,25009,25009,3.14
Franklin,MA,25011,25011,4.55
Hampden,MA,25013,25013,3.47
Hampshire,MA,25015,25015,2.87
Middlesex,MA,25017,25017,2.79
Nantucket,MA,25019,25019,3.3
Norfolk,MA,25021,25021,3
Plymouth,MA,25023,25023,3.38
Suffolk,MA,25025,25025,2.62
Worcester,MA,25027,25027,3.3
Alcona,MI,26001,26001,8.61
Alger,MI,26003,26003,6.46
Allegan,MI,26005,26005,2.96
Alpena,MI,26007,26007,6.57
Antrim,MI,26009,26009,6.33
Arenac,MI,26011,26011,5.41
Baraga,MI,26013,26013,5.92
Barry,MI,26015,26015,4.29
Bay,MI,26017,26017,4.38
Benzie,MI,26019,26019,5.16
Berrien,MI,26021,26021,4.72
Branch,MI,26023,26023,4.44
Calhoun,MI,26025,26025,3.57
Cass,MI,26027,26027,6.39
Charlevoix,MI,26029,26029,5.77
Cheboygan,MI,26031,26031,6.92
Chippewa,MI,26033,26033,5.63
Clare,MI,26035,26035,6.78
Clinton,MI,26037,26037,3.83
Crawford,MI,26039,26039,7.46
Delta,MI,26041,26041,6.34
Dickinson,MI,26043,26043,6.27
Eaton,MI,26045,26045,5.47
Emmet,MI,26047,26047,4.76
Genesee,MI,26049,26049,4.05
Gladwin,MI,26051,26051,6.3
Gogebic,MI,26053,26053,4.94
Grand Traverse,MI,26055,26055,4.3
Gratiot,MI,26057,26057,4.73
Hillsdale,MI,26059,26059,4.48
Houghton,MI,26061,26061,3.71
Huron,MI,26063,26063,4.93
Ingham,MI,26065,26065,3.3
Ionia,MI,26067,26067,3.6
Iosco,MI,26069,26069,7.67
Iron,MI,26071,26071,5.26
Isabella,MI,26073,26073,3.9
Jackson,MI,26075,26075,3.92
Kalamazoo,MI,26077,26077,3.43
Kalkaska,MI,26079,26079,5.64
Kent,MI,26081,26081,3
Keweenaw,MI,26083,26083,7.45
Lake,MI,26085,26085,7.11
Lapeer,MI,26087,26087,4.21
Leelanau,MI,26089,26089,5.2
Lenawee,MI,26091,26091,4.35
Livingston,MI,26093,26093,3.65
Luce,MI,26095,26095,6.88
Mackinac,MI,26097,26097,7.32
Macomb,MI,26099,26099,3.65
Manistee,MI,26101,26101,6.91
Marquette,MI,26103,26103,4.16
Mason,MI,26105,26105,5.56
Mecosta,MI,26107,26107,4.85
Menominee,MI,26109,26109,7.23
Midland,MI,26111,26111,4.36
Missaukee,MI,26113,26113,6.24
Monroe,MI,26115,26115,3.99
Montcalm,MI,26117,26117,5.37
Montmorency,MI,26119,26119,8.89
Muskegon,MI,26121,26121,3.82
Newaygo,MI,26123,26123,5.43
Oakland,MI,26125,26125,3.35
Oceana,MI,26127,26127,6
Ogemaw,MI,26129,26129,7.32
Ontonagon,MI,26131,26131,6.58
Osceola,MI,26133,26133,6.48
Oscoda,MI,26135,26135,8.21
Otsego,MI,26137,26137,5.13
Ottawa,MI,26139,26139,3.21
Presque Isle,MI,26141,26141,7.42
Roscommon,MI,26143,26143,9.65
Saginaw,MI,26145,26145,4.43
St. Clair,MI,26147,26147,5.27
St. Joseph,MI,26149,26149,5.43
Sanilac,MI,26151,26151,6.45
Schoolcraft,MI,26153,26153,8.17
Shiawassee,MI,26155,26155,4.38
Tuscola,MI,26157,26157,5.07
Van Buren,MI,26159,26159,4.61
Washtenaw,MI,26161,26161,2.32
Wayne,MI,26163,26163,3.47
Wexford,MI,26165,26165,4.82
Aitkin,MN,27001,27001,8.01
Anoka,MN,27003,27003,3.35
Becker,MN,27005,27005,4.63
Beltrami,MN,27007,27007,3.98
Benton,MN,27009,27009,3.23
Big Stone,MN,27011,27011,6.73
Blue Earth,MN,27013,27013,2.65
Brown,MN,27015,27015,3.37
Carlton,MN,27017,27017,5.01
Carver,MN,27019,27019,2.59
Cass,MN,27021,27021,6.15
Chippewa,MN,27023,27023,4.35
Chisago,MN,27025,27025,4
Clay,MN,27027,27027,3.14
Clearwater,MN,27029,27029,5.69
Cook,MN,27031,27031,5.43
Cottonwood,MN,27033,27033,6.28
Crow Wing,MN,27035,27035,5.11
Dakota,MN,27037,27037,2.88
Dodge,MN,27039,27039,2.68
Douglas,MN,27041,27041,5.93
Faribault,MN,27043,27043,3.72
Fillmore,MN,27045,27045,3.68
Freeborn,MN,27047,27047,4.3
Goodhue,MN,27049,27049,3.49
Grant,MN,27051,27051,5.67
Hennepin,MN,27053,27053,2.72
Houston,MN,27055,27055,4.17
Hubbard,MN,27057,27057,6.46
Isanti,MN,27059,27059,4.55
Itasca,MN,27061,27061,5.57
Jackson,MN,27063,27063,4.51
Kanabec,MN,27065,27065,5.51
Kandiyohi,MN,27067,27067,4.42
Kittson,MN,27069,27069,6.18
Koochiching,MN,27071,27071,7.02
Lac qui Parle,MN,27073,27073,5.73
Lake,MN,27075,27075,5.9
Lake of the Woods,MN,27077,27077,3.87
Le Sueur,MN,27079,27079,4.06
Lincoln,MN,27081,27081,4.14
Lyon,MN,27083,27083,3.43
McLeod,MN,27085,27085,4.4
Mahnomen,MN,27087,27087,4.31
Marshall,MN,27089,27089,3.91
Martin,MN,27091,27091,5.11
Meeker,MN,27093,27093,3.98
Mille Lacs,MN,27095,27095,5.45
Morrison,MN,27097,27097,4.14
Mower,MN,27099,27099,4.23
Murray,MN,27101,27101,5.92
Nicollet,MN,27103,27103,3.58
Nobles,MN,27105,27105,4.94
Norman,MN,27107,27107,4.35
Olmsted,MN,27109,27109,3.06
Otter Tail,MN,27111,27111,4.93
Pennington,MN,27113,27113,4.85
Pine,MN,27115,27115,6.57
Pipestone,MN,27117,27117,4
Polk,MN,27119,27119,4.29
Pope,MN,27121,27121,6.13
Ramsey,MN,27123,27123,3.15
Red Lake,MN,27125,27125,4.65
Redwood,MN,27127,27127,3.46
Renville,MN,27129,27129,3.7
Rice,MN,27131,27131,3.51
Rock,MN,27133,27133,3.8
Roseau,MN,27135,27135,4.33
St. Louis,MN,27137,27137,4.4
Scott,MN,27139,27139,2.27
Sherburne,MN,27141,27141,3.26
Sibley,MN,27143,27143,4.03
Stearns,MN,27145,27145,3.46
Steele,MN,27147,27147,3.15
Stevens,MN,27149,27149,4.35
Swift,MN,27151,27151,5.27
Todd,MN,27153,27153,5.94
Traverse,MN,27155,27155,5.36
Wabasha,MN,27157,27157,5.65
Wadena,MN,27159,27159,6.54
Waseca,MN,27161,27161,3.11
Washington,MN,27163,27163,3.04
Watonwan,MN,27165,27165,4.4
Wilkin,MN,27167,27167,6.1
Winona,MN,27169,27169,4
Wright,MN,27171,27171,3.36
Yellow Medicine,MN,27173,27173,4.05
Adams,MS,28001,28001,2.84
Alcorn,MS,28003,28003,5.45
Amite,MS,28005,28005,7.34
Attala,MS,28007,28007,4.8
Benton,MS,28009,28009,4.59
Bolivar,MS,28011,28011,4.47
Calhoun,MS,28013,28013,6.49
Carroll,MS,28015,28015,6.12
Chickasaw,MS,28017,28017,5.66
Choctaw,MS,28019,28019,7.85
Claiborne,MS,28021,28021,1.77
Clarke,MS,28023,28023,7.44
Clay,MS,28025,28025,2.33
Coahoma,MS,28027,28027,1.99
Copiah,MS,28029,28029,3.06
Covington,MS,28031,28031,4.07
DeSoto,MS,28033,28033,2.75
Forrest,MS,28035,28035,5.45
Franklin,MS,28037,28037,6.44
George,MS,28039,28039,6.73
Greene,MS,28041,28041,7.2
Grenada,MS,28043,28043,4.19
Hancock,MS,28045,28045,4.55
Harrison,MS,28047,28047,4.18
Hinds,MS,28049,28049,2.34
Holmes,MS,28051,28051,2.93
Humphreys,MS,28053,28053,6.66
Issaquena,MS,28055,28055,5.17
Itawamba,MS,28057,28057,5.4
Jackson,MS,28059,28059,5.03
Jasper,MS,28061,28061,5.23
Jefferson,MS,28063,28063,2.57
Jefferson Davis,MS,28065,28065,3.79
Jones,MS,28067,28067,4.18
Kemper,MS,28069,28069,7
Lafayette,MS,28071,28071,2.68
Lamar,MS,28073,28073,4.42
Lauderdale,MS,28075,28075,4.37
Lawrence,MS,28077,28077,4.35
Leake,MS,28079,28079,7.26
Lee,MS,28081,28081,4.4
Leflore,MS,28083,28083,1.6
Lincoln,MS,28085,28085,3.05
Lowndes,MS,28087,28087,3.13
Madison,MS,28089,28089,2.19
Marion,MS,28091,28091,7.02
Marshall,MS,28093,28093,3.3
Monroe,MS,28095,28095,3.61
Montgomery,MS,28097,28097,3.44
Neshoba,MS,28099,28099,5.7
Newton,MS,28101,28101,6.23
Noxubee,MS,28103,28103,2.91
Oktibbeha,MS,28105,28105,2.18
Panola,MS,28107,28107,2.86
Pearl River,MS,28109,28109,5.24
Perry,MS,28111,28111,6.64
Pike,MS,28113,28113,3.44
Pontotoc,MS,28115,28115,6.21
Prentiss,MS,28117,28117,5.04
Quitman,MS,28119,28119,2.14
Rankin,MS,28121,28121,3.2
Scott,MS,28123,28123,5.58
Sharkey,MS,28125,28125,6.83
Simpson,MS,28127,28127,3.21
Smith,MS,28129,28129,6.19
Stone,MS,28131,28131,5.89
Sunflower,MS,28133,28133,2.7
Tallahatchie,MS,28135,28135,2.97
Tate,MS,28137,28137,3.99
Tippah,MS,28139,28139,5.06
Tishomingo,MS,28141,28141,6.44
Tunica,MS,28143,28143,3.71
Union,MS,28145,28145,4.53
Walthall,MS,28147,28147,5.33
Warren,MS,28149,28149,4.65
Washington,MS,28151,28151,4.52
Wayne,MS,28153,28153,6.33
Webster,MS,28155,28155,6.48
Wilkinson,MS,28157,28157,4.63
Winston,MS,28159,28159,5.96
Yalobusha,MS,28161,28161,3.14
Yazoo,MS,28163,28163,6.02
Adair,MO,29001,29001,3.49
Andrew,MO,29003,29003,5.22
Atchison,MO,29005,29005,6.76
Audrain,MO,29007,29007,3.93
Barry,MO,29009,29009,5.83
Barton,MO,29011,29011,6.66
Bates,MO,29013,29013,5.33
Benton,MO,29015,29015,8.35
Bollinger,MO,29017,29017,7.5
Boone,MO,29019,29019,3.23
Buchanan,MO,29021,29021,4.68
Butler,MO,29023,29023,6.67
Caldwell,MO,29025,29025,5.15
Callaway,MO,29027,29027,4.05
Camden,MO,29029,29029,6.35
Cape Girardeau,MO,29031,29031,4.56
Carroll,MO,29033,29033,4.88
Carter,MO,29035,29035,7.74
Cass,MO,29037,29037,4.05
Cedar,MO,29039,29039,6.39
Chariton,MO,29041,29041,5.09
Christian,MO,29043,29043,4.51
Clark,MO,29045,29045,5.78
Clay,MO,29047,29047,3.79
Clinton,MO,29049,29049,4.6
Cole,MO,29051,29051,3.59
Cooper,MO,29053,29053,4.48
Crawford,MO,29055,29055,7.36
Dade,MO,29057,29057,4.92
Dallas,MO,29059,29059,7.51
Daviess,MO,29061,29061,4.62
DeKalb,MO,29063,29063,7.18
Dent,MO,29065,29065,7.71
Douglas,MO,29067,29067,8.97
Dunklin,MO,29069,29069,6.75
Franklin,MO,29071,29071,4.16
Gasconade,MO,29073,29073,5.21
Gentry,MO,29075,29075,5.01
Greene,MO,29077,29077,4.68
Grundy,MO,29079,29079,4.68
Harrison,MO,29081,29081,7.83
Henry,MO,29083,29083,7.54
Hickory,MO,29085,29085,11.13
Holt,MO,29087,29087,7.48
Howard,MO,29089,29089,4.82
Howell,MO,29091,29091,7.95
Iron,MO,29093,29093,6.88
Jackson,MO,29095,29095,3.26
Jasper,MO,29097,29097,4.31
Jefferson,MO,29099,29099,3.78
Johnson,MO,29101,29101,3.58
Knox,MO,29103,29103,7.74
Laclede,MO,29105,29105,5.77
Lafayette,MO,29107,29107,4.29
Lawrence,MO,29109,29109,4.83
Lewis,MO,29111,29111,3.85
Lincoln,MO,29113,29113,3.83
Linn,MO,29115,29115,4.45
Livingston,MO,29117,29117,3.53
McDonald,MO,29119,29119,5
Macon,MO,29121,29121,4.97
Madison,MO,29123,29123,8.61
Maries,MO,29125,29125,7.9
Marion,MO,29127,29127,4.19
Mercer,MO,29129,29129,6.86
Miller,MO,29131,29131,5.19
Mississippi,MO,29133,29133,5.85
Moniteau,MO,29135,29135,4.27
Monroe,MO,29137,29137,6.4
Montgomery,MO,29139,29139,5.52
Morgan,MO,29141,29141,5.48
New Madrid,MO,29143,29143,6.1
Newton,MO,29145,29145,4.82
Nodaway,MO,29147,29147,2.97
Oregon,MO,29149,29149,10.02
Osage,MO,29151,29151,4.73
Ozark,MO,29153,29153,7.23
Pemiscot,MO,29155,29155,7.02
Perry,MO,29157,29157,5.45
Pettis,MO,29159,29159,5.12
Phelps,MO,29161,29161,4.71
Pike,MO,29163,29163,3.88
Platte,MO,29165,29165,4.44
Polk,MO,29167,29167,5.24
Pulaski,MO,29169,29169,6.35
Putnam,MO,29171,29171,8.93
Ralls,MO,29173,29173,4.98
Randolph,MO,29175,29175,4.78
Ray,MO,29177,29177,5.28
Reynolds,MO,29179,29179,9.15
Ripley,MO,29181,29181,9.73
St. Charles,MO,29183,29183,3.1
St. Clair,MO,29185,29185,8.57
Ste. Genevieve,MO,29186,29186,5.25
St. Francois,MO,29187,29187,5.83
St. Louis,MO,29189,29189,2.98
Saline,MO,29195,29195,4.35
Schuyler,MO,29197,29197,5.27
Scotland,MO,29199,29199,4.47
Scott,MO,29201,29201,5.33
Shannon,MO,29203,29203,8.84
Shelby,MO,29205,29205,5.21
Stoddard,MO,29207,29207,7.08
Stone,MO,29209,29209,6.17
Sullivan,MO,29211,29211,2.5
Taney,MO,29213,29213,5.71
Texas,MO,29215,29215,8.9
Vernon,MO,29217,29217,6.87
Warren,MO,29219,29219,5.37
Washington,MO,29221,29221,7.26
Wayne,MO,29223,29223,9.86
Webster,MO,29225,29225,4.61
Worth,MO,29227,29227,8.67
Wright,MO,29229,29229,5.96
St. Louis City,MO,29510,29510,3
Beaverhead,MT,30001,30001,7.7
Big Horn,MT,30003,30003,3.48
Blaine,MT,30005,30005,7.2
Broadwater,MT,30007,30007,7.61
Carbon,MT,30009,30009,7.37
Carter,MT,30011,30011,5.89
Cascade,MT,30013,30013,4.19
Chouteau,MT,30015,30015,4.2
Custer,MT,30017,30017,6.22
Daniels,MT,30019,30019,6.33
Dawson,MT,30021,30021,5.05
Deer Lodge,MT,30023,30023,7.75
Fallon,MT,30025,30025,6.39
Fergus,MT,30027,30027,4.53
Flathead,MT,30029,30029,4.59
Gallatin,MT,30031,30031,3.62
Garfield,MT,30033,30033,3.28
Glacier,MT,30035,30035,3.1
Golden Valley,MT,30037,30037,8.1
Granite,MT,30039,30039,8.39
Hill,MT,30041,30041,6.64
Jefferson,MT,30043,30043,5.99
Judith Basin,MT,30045,30045,5.63
Lake,MT,30047,30047,6.76
Lewis and Clark,MT,30049,30049,4.63
Liberty,MT,30051,30051,12.32
Lincoln,MT,30053,30053,9.21
McCone,MT,30055,30055,3.9
Madison,MT,30057,30057,7.82
Meagher,MT,30059,30059,6.65
Mineral,MT,30061,30061,4.76
Missoula,MT,30063,30063,3.94
Musselshell,MT,30065,30065,3.46
Park,MT,30067,30067,3.72
Petroleum,MT,30069,30069,7.95
Phillips,MT,30071,30071,6.81
Pondera,MT,30073,30073,6.5
Powder River,MT,30075,30075,12.1
Powell,MT,30077,30077,6.27
Prairie,MT,30079,30079,9.72
Ravalli,MT,30081,30081,7.31
Richland,MT,30083,30083,3.88
Roosevelt,MT,30085,30085,4.6
Rosebud,MT,30087,30087,8.09
Sanders,MT,30089,30089,6.98
Sheridan,MT,30091,30091,4.82
Silver Bow,MT,30093,30093,6.08
Stillwater,MT,30095,30095,4.75
Sweet Grass,MT,30097,30097,5.32
Teton,MT,30099,30099,6.55
Toole,MT,30101,30101,5.82
Treasure,MT,30103,30103,6.89
Valley,MT,30105,30105,6.78
Wheatland,MT,30107,30107,8.29
Wibaux,MT,30109,30109,5.17
Yellowstone,MT,30111,30111,4.04
Adams,NE,31001,31001,4.33
Antelope,NE,31003,31003,6.85
Arthur,NE,31005,31005,7.03
Banner,NE,31007,31007,4.16
Blaine,NE,31009,31009,6.92
Boone,NE,31011,31011,5.95
Box Butte,NE,31013,31013,3.59
Boyd,NE,31015,31015,6.34
Brown,NE,31017,31017,5.42
Buffalo,NE,31019,31019,3.98
Burt,NE,31021,31021,6.06
Butler,NE,31023,31023,3.22
Cass,NE,31025,31025,3.38
Cedar,NE,31027,31027,5.98
Chase,NE,31029,31029,6.22
Cherry,NE,31031,31031,4.96
Cheyenne,NE,31033,31033,6.43
Clay,NE,31035,31035,5.04
Colfax,NE,31037,31037,4.45
Cuming,NE,31039,31039,4.36
Custer,NE,31041,31041,6.04
Dakota,NE,31043,31043,4.75
Dawes,NE,31045,31045,6.21
Dawson,NE,31047,31047,4.67
Deuel,NE,31049,31049,6.82
Dixon,NE,31051,31051,5.93
Dodge,NE,31053,31053,4.32
Douglas,NE,31055,31055,3.03
Dundy,NE,31057,31057,6.82
Fillmore,NE,31059,31059,5.4
Franklin,NE,31061,31061,6.94
Frontier,NE,31063,31063,7.03
Furnas,NE,31065,31065,8.59
Gage,NE,31067,31067,5.49
Garden,NE,31069,31069,9.76
Garfield,NE,31071,31071,7.81
Gosper,NE,31073,31073,5.67
Grant,NE,31075,31075,3.06
Greeley,NE,31077,31077,6.2
Hall,NE,31079,31079,3.86
Hamilton,NE,31081,31081,3.99
Harlan,NE,31083,31083,8.65
Hayes,NE,31085,31085,5.49
Hitchcock,NE,31087,31087,8.25
Holt,NE,31089,31089,5.06
Hooker,NE,31091,31091,6.3
Howard,NE,31093,31093,7.26
Jefferson,NE,31095,31095,4.95
Johnson,NE,31097,31097,5.09
Kearney,NE,31099,31099,5.38
Keith,NE,31101,31101,4.62
Keya Paha,NE,31103,31103,4.74
Kimball,NE,31105,31105,5.78
Knox,NE,31107,31107,6.79
Lancaster,NE,31109,31109,3.58
Lincoln,NE,31111,31111,5.73
Logan,NE,31113,31113,4.31
Loup,NE,31115,31115,6.78
McPherson,NE,31117,31117,6.33
Madison,NE,31119,31119,3.55
Merrick,NE,31121,31121,5.12
Morrill,NE,31123,31123,5.71
Nance,NE,31125,31125,5.33
Nemaha,NE,31127,31127,5.77
Nuckolls,NE,31129,31129,6.27
Otoe,NE,31131,31131,4.35
Pawnee,NE,31133,31133,6.28
Perkins,NE,31135,31135,3.94
Phelps,NE,31137,31137,5.86
Pierce,NE,31139,31139,4.2
Platte,NE,31141,31141,3.22
Polk,NE,31143,31143,4.41
Red Willow,NE,31145,31145,4.53
Richardson,NE,31147,31147,5.91
Rock,NE,31149,31149,4.88
Saline,NE,31151,31151,4.07
Sarpy,NE,31153,31153,2.93
Saunders,NE,31155,31155,5.38
Scotts Bluff,NE,31157,31157,5.22
Seward,NE,31159,31159,3.73
Sheridan,NE,31161,31161,6.03
Sherman,NE,31163,31163,7.79
Sioux,NE,31165,31165,3.61
Stanton,NE,31167,31167,3.8
Thayer,NE,31169,31169,6.19
Thomas,NE,31171,31171,8.53
Thurston,NE,31173,31173,4.73
Valley,NE,31175,31175,5.95
Washington,NE,31177,31177,4.77
Wayne,NE,31179,31179,2.94
Webster,NE,31181,31181,5.64
Wheeler,NE,31183,31183,6.39
York,NE,31185,31185,5.99
Churchill,NV,32001,32001,5.39
Clark,NV,32003,32003,3.42
Douglas,NV,32005,32005,5.41
Elko,NV,32007,32007,4.57
Esmeralda,NV,32009,32009,4.57
Eureka,NV,32011,32011,7.55
Humboldt,NV,32013,32013,4.8
Lander,NV,32015,32015,5.16
Lincoln,NV,32017,32017,5.34
Lyon,NV,32019,32019,7.28
Mineral,NV,32021,32021,5.38
Nye,NV,32023,32023,7.81
Pershing,NV,32027,32027,6
Storey,NV,32029,32029,9.23
Washoe,NV,32031,32031,4.45
White Pine,NV,32033,32033,4.97
Carson City,NV,32510,32510,12.51
Belknap,NH,33001,33001,6.24
Carroll,NH,33003,33003,4.87
Cheshire,NH,33005,33005,4.73
Coos,NH,33007,33007,7.43
Grafton,NH,33009,33009,4.85
Hillsborough,NH,33011,33011,3.42
Merrimack,NH,33013,33013,4.36
Rockingham,NH,33015,33015,3.33
Strafford,NH,33017,33017,3.69
Sullivan,NH,33019,33019,4.47
Atlantic,NJ,34001,34001,3.05
Bergen,NJ,34003,34003,2.31
Burlington,NJ,34005,34005,3.15
Camden,NJ,34007,34007,3.06
Cape May,NJ,34009,34009,4.36
Cumberland,NJ,34011,34011,3.19
Essex,NJ,34013,34013,2.17
Gloucester,NJ,34015,34015,3.51
Hudson,NJ,34017,34017,1.66
Hunterdon,NJ,34019,34019,2.93
Mercer,NJ,34021,34021,2.28
Middlesex,NJ,34023,34023,2.28
Monmouth,NJ,34025,34025,2.59
Morris,NJ,34027,34027,2.46
Ocean,NJ,34029,34029,3.72
Passaic,NJ,34031,34031,2.08
Salem,NJ,34033,34033,3.92
Somerset,NJ,34035,34035,2.07
Sussex,NJ,34037,34037,2.97
Union,NJ,34039,34039,2.17
Warren,NJ,34041,34041,3.94
Bernalillo,NM,35001,35001,3.98
Catron,NM,35003,35003,13.78
Chaves,NM,35005,35005,4.34
Cibola,NM,35006,35006,9.33
Colfax,NM,35007,35007,9.74
Curry,NM,35009,35009,5.53
De Baca,NM,35011,35011,8.39
Doa Ana,NM,35013,35013,4.74
Eddy,NM,35015,35015,4.13
Grant,NM,35017,35017,7.07
Guadalupe,NM,35019,35019,6.33
Harding,NM,35021,35021,9.13
Hidalgo,NM,35023,35023,7.98
Lea,NM,35025,35025,3.18
Lincoln,NM,35027,35027,7.03
Los Alamos,NM,35028,35028,3.32
Luna,NM,35029,35029,6.82
McKinley,NM,35031,35031,6.15
Mora,NM,35033,35033,13.1
Otero,NM,35035,35035,6.63
Quay,NM,35037,35037,6.97
Rio Arriba,NM,35039,35039,6.71
Roosevelt,NM,35041,35041,6.48
Sandoval,NM,35043,35043,4.05
San Juan,NM,35045,35045,5.63
San Miguel,NM,35047,35047,10.74
Santa Fe,NM,35049,35049,4.58
Sierra,NM,35051,35051,10.67
Socorro,NM,35053,35053,12.71
Taos,NM,35055,35055,6.05
Torrance,NM,35057,35057,5.25
Union,NM,35059,35059,7.29
Valencia,NM,35061,35061,7.16
Albany,NY,36001,36001,2.69
Allegany,NY,36003,36003,4.85
Bronx,NY,36005,36005,2.43
Broome,NY,36007,36007,4.03
Cattaraugus,NY,36009,36009,4.45
Cayuga,NY,36011,36011,4.51
Chautauqua,NY,36013,36013,4.46
Chemung,NY,36015,36015,4.1
Chenango,NY,36017,36017,5.12
Clinton,NY,36019,36019,4.24
Columbia,NY,36021,36021,5.12
Cortland,NY,36023,36023,3.33
Delaware,NY,36025,36025,4.78
Dutchess,NY,36027,36027,3.73
Erie,NY,36029,36029,3.36
Essex,NY,36031,36031,6.03
Franklin,NY,36033,36033,4.43
Fulton,NY,36035,36035,5.03
Genesee,NY,36037,36037,3.66
Greene,NY,36039,36039,2.92
Hamilton,NY,36041,36041,9.66
Herkimer,NY,36043,36043,4.14
Jefferson,NY,36045,36045,4.51
Kings,NY,36047,36047,1.88
Lewis,NY,36049,36049,4.28
Livingston,NY,36051,36051,4.09
Madison,NY,36053,36053,3.18
Monroe,NY,36055,36055,3.39
Montgomery,NY,36057,36057,4.24
Nassau,NY,36059,36059,2.37
New York,NY,36061,36061,2.14
Niagara,NY,36063,36063,3.68
Oneida,NY,36065,36065,3.83
Onondaga,NY,36067,36067,3.48
Ontario,NY,36069,36069,3.98
Orange,NY,36071,36071,3.37
Orleans,NY,36073,36073,5.58
Oswego,NY,36075,36075,4.05
Otsego,NY,36077,36077,4.27
Putnam,NY,36079,36079,3.05
Queens,NY,36081,36081,2.09
Rensselaer,NY,36083,36083,3.46
Richmond,NY,36085,36085,2.12
Rockland,NY,36087,36087,2.7
St. Lawrence,NY,36089,36089,5.62
Saratoga,NY,36091,36091,3.93
Schenectady,NY,36093,36093,3
Schoharie,NY,36095,36095,5.16
Schuyler,NY,36097,36097,5
Seneca,NY,36099,36099,5.54
Steuben,NY,36101,36101,4.33
Suffolk,NY,36103,36103,2.55
Sullivan,NY,36105,36105,4.87
Tioga,NY,36107,36107,4.9
Tompkins,NY,36109,36109,2.71
Ulster,NY,36111,36111,4.28
Warren,NY,36113,36113,4.26
Washington,NY,36115,36115,4.19
Wayne,NY,36117,36117,4.21
Westchester,NY,36119,36119,2.52
Wyoming,NY,36121,36121,4.04
Yates,NY,36123,36123,3.97
Alamance,NC,37001,37001,4.17
Alexander,NC,37003,37003,4.6
Alleghany,NC,37005,37005,6.53
Anson,NC,37007,37007,4.32
Ashe,NC,37009,37009,5.7
Avery,NC,37011,37011,7.5
Beaufort,NC,37013,37013,4.69
Bertie,NC,37015,37015,6.07
Bladen,NC,37017,37017,5.05
Brunswick,NC,37019,37019,5.61
Buncombe,NC,37021,37021,3.85
Burke,NC,37023,37023,7.25
Cabarrus,NC,37025,37025,2.72
Caldwell,NC,37027,37027,4.82
Camden,NC,37029,37029,4.96
Carteret,NC,37031,37031,6.66
Caswell,NC,37033,37033,5.02
Catawba,NC,37035,37035,4.54
Chatham,NC,37037,37037,5.6
Cherokee,NC,37039,37039,7.6
Chowan,NC,37041,37041,4.3
Clay,NC,37043,37043,5.62
Cleveland,NC,37045,37045,4.57
Columbus,NC,37047,37047,4.12
Craven,NC,37049,37049,4.91
Cumberland,NC,37051,37051,4.42
Currituck,NC,37053,37053,4.84
Dare,NC,37055,37055,3.58
Davidson,NC,37057,37057,4.09
Davie,NC,37059,37059,5.56
Duplin,NC,37061,37061,5.37
Durham,NC,37063,37063,2.55
Edgecombe,NC,37065,37065,3.21
Forsyth,NC,37067,37067,2.53
Franklin,NC,37069,37069,4.67
Gaston,NC,37071,37071,4.29
Gates,NC,37073,37073,5.15
Graham,NC,37075,37075,6.92
Granville,NC,37077,37077,4.48
Greene,NC,37079,37079,5.97
Guilford,NC,37081,37081,2.74
Halifax,NC,37083,37083,4.16
Harnett,NC,37085,37085,3.61
Haywood,NC,37087,37087,5.46
Henderson,NC,37089,37089,5.66
Hertford,NC,37091,37091,4.98
Hoke,NC,37093,37093,4.24
Hyde,NC,37095,37095,4.09
Iredell,NC,37097,37097,3.69
Jackson,NC,37099,37099,3.77
Johnston,NC,37101,37101,3.14
Jones,NC,37103,37103,8.46
Lee,NC,37105,37105,4.85
Lenoir,NC,37107,37107,5.57
Lincoln,NC,37109,37109,3.77
McDowell,NC,37111,37111,6.93
Macon,NC,37113,37113,6.62
Madison,NC,37115,37115,5.62
Martin,NC,37117,37117,4.32
Mecklenburg,NC,37119,37119,2.12
Mitchell,NC,37121,37121,8.05
Montgomery,NC,37123,37123,4.74
Moore,NC,37125,37125,5.46
Nash,NC,37127,37127,4.29
New Hanover,NC,37129,37129,3.63
Northampton,NC,37131,37131,5.56
Onslow,NC,37133,37133,4.89
Orange,NC,37135,37135,2.35
Pamlico,NC,37137,37137,6.65
Pasquotank,NC,37139,37139,4.3
Pender,NC,37141,37141,4.67
Perquimans,NC,37143,37143,5.55
Person,NC,37145,37145,4.2
Pitt,NC,37147,37147,3.23
Polk,NC,37149,37149,7.28
Randolph,NC,37151,37151,4.45
Richmond,NC,37153,37153,4.63
Robeson,NC,37155,37155,4.13
Rockingham,NC,37157,37157,3.86
Rowan,NC,37159,37159,4.22
Rutherford,NC,37161,37161,6.83
Sampson,NC,37163,37163,4.61
Scotland,NC,37165,37165,5
Stanly,NC,37167,37167,4.61
Stokes,NC,37169,37169,4.17
Surry,NC,37171,37171,6.44
Swain,NC,37173,37173,7.5
Transylvania,NC,37175,37175,5.7
Tyrrell,NC,37177,37177,3.22
Union,NC,37179,37179,2.54
Vance,NC,37181,37181,5.04
Wake,NC,37183,37183,2.19
Warren,NC,37185,37185,5.8
Washington,NC,37187,37187,5.86
Watauga,NC,37189,37189,3.06
Wayne,NC,37191,37191,4.28
Wilkes,NC,37193,37193,5.83
Wilson,NC,37195,37195,3.56
Yadkin,NC,37197,37197,4.58
Yancey,NC,37199,37199,5.92
Adams,ND,38001,38001,3.61
Barnes,ND,38003,38003,5.18
Benson,ND,38005,38005,5.2
Billings,ND,38007,38007,5.1
Bottineau,ND,38009,38009,6.38
Bowman,ND,38011,38011,4.12
Burke,ND,38013,38013,4.31
Burleigh,ND,38015,38015,3.81
Cass,ND,38017,38017,3
Cavalier,ND,38019,38019,4.25
Dickey,ND,38021,38021,5.18
Divide,ND,38023,38023,3.7
Dunn,ND,38025,38025,5.74
Eddy,ND,38027,38027,7.02
Emmons,ND,38029,38029,6.94
Foster,ND,38031,38031,5.46
Golden Valley,ND,38033,38033,3.19
Grand Forks,ND,38035,38035,2.82
Grant,ND,38037,38037,5.4
Griggs,ND,38039,38039,7.14
Hettinger,ND,38041,38041,5.01
Kidder,ND,38043,38043,3.33
LaMoure,ND,38045,38045,6.27
Logan,ND,38047,38047,4.29
McHenry,ND,38049,38049,5
McIntosh,ND,38051,38051,7.19
McKenzie,ND,38053,38053,4.91
McLean,ND,38055,38055,4.32
Mercer,ND,38057,38057,6.23
Morton,ND,38059,38059,3.85
Mountrail,ND,38061,38061,4.1
Nelson,ND,38063,38063,7.08
Oliver,ND,38065,38065,6.97
Pembina,ND,38067,38067,4.19
Pierce,ND,38069,38069,3.71
Ramsey,ND,38071,38071,6.28
Ransom,ND,38073,38073,5.23
Renville,ND,38075,38075,5.19
Richland,ND,38077,38077,3.85
Rolette,ND,38079,38079,3.9
Sargent,ND,38081,38081,6.13
Sheridan,ND,38083,38083,6.67
Sioux,ND,38085,38085,3.95
Slope,ND,38087,38087,7.14
Stark,ND,38089,38089,3.73
Steele,ND,38091,38091,3.96
Stutsman,ND,38093,38093,4.94
Towner,ND,38095,38095,4.84
Traill,ND,38097,38097,3.73
Walsh,ND,38099,38099,4.79
Ward,ND,38101,38101,3.6
Wells,ND,38103,38103,4.76
Williams,ND,38105,38105,3.41
Adams,OH,39001,39001,6.14
Allen,OH,39003,39003,4.76
Ashland,OH,39005,39005,4.17
Ashtabula,OH,39007,39007,5.03
Athens,OH,39009,39009,4.19
Auglaize,OH,39011,39011,3.38
Belmont,OH,39013,39013,5.12
Brown,OH,39015,39015,4.94
Butler,OH,39017,39017,3.18
Carroll,OH,39019,39019,5.13
Champaign,OH,39021,39021,4.46
Clark,OH,39023,39023,4.85
Clermont,OH,39025,39025,4.09
Clinton,OH,39027,39027,5.5
Columbiana,OH,39029,39029,4.52
Coshocton,OH,39031,39031,4.09
Crawford,OH,39033,39033,4.94
Cuyahoga,OH,39035,39035,3.34
Darke,OH,39037,39037,4.08
Defiance,OH,39039,39039,4.23
Delaware,OH,39041,39041,2.49
Erie,OH,39043,39043,4.26
Fairfield,OH,39045,39045,3.31
Fayette,OH,39047,39047,5.32
Franklin,OH,39049,39049,2.77
Fulton,OH,39051,39051,3.97
Gallia,OH,39053,39053,5.78
Geauga,OH,39055,39055,3.45
Greene,OH,39057,39057,3.57
Guernsey,OH,39059,39059,5.69
Hamilton,OH,39061,39061,2.85
Hancock,OH,39063,39063,3.59
Hardin,OH,39065,39065,4.73
Harrison,OH,39067,39067,5.28
Henry,OH,39069,39069,3.73
Highland,OH,39071,39071,5.73
Hocking,OH,39073,39073,5.55
Holmes,OH,39075,39075,2.05
Huron,OH,39077,39077,4.16
Jackson,OH,39079,39079,6.18
Jefferson,OH,39081,39081,4.68
Knox,OH,39083,39083,4.19
Lake,OH,39085,39085,4.44
Lawrence,OH,39087,39087,5.15
Licking,OH,39089,39089,4.82
Logan,OH,39091,39091,4.55
Lorain,OH,39093,39093,4.26
Lucas,OH,39095,39095,3.88
Madison,OH,39097,39097,4.74
Mahoning,OH,39099,39099,3.86
Marion,OH,39101,39101,5.61
Medina,OH,39103,39103,3.83
Meigs,OH,39105,39105,8.23
Mercer,OH,39107,39107,3.76
Miami,OH,39109,39109,4.03
Monroe,OH,39111,39111,7.06
Montgomery,OH,39113,39113,3.66
Morgan,OH,39115,39115,6.53
Morrow,OH,39117,39117,4.5
Muskingum,OH,39119,39119,4.86
Noble,OH,39121,39121,9.49
Ottawa,OH,39123,39123,5.87
Paulding,OH,39125,39125,6.47
Perry,OH,39127,39127,5.42
Pickaway,OH,39129,39129,4.58
Pike,OH,39131,39131,7.5
Portage,OH,39133,39133,3.77
Preble,OH,39135,39135,5.55
Putnam,OH,39137,39137,2.91
Richland,OH,39139,39139,4.72
Ross,OH,39141,39141,6.1
Sandusky,OH,39143,39143,3.97
Scioto,OH,39145,39145,5.95
Seneca,OH,39147,39147,3.66
Shelby,OH,39149,39149,4.15
Stark,OH,39151,39151,3.52
Summit,OH,39153,39153,3.2
Trumbull,OH,39155,39155,3.69
Tuscarawas,OH,39157,39157,4.43
Union,OH,39159,39159,2.95
Van Wert,OH,39161,39161,4.99
Vinton,OH,39163,39163,5.5
Warren,OH,39165,39165,3.24
Washington,OH,39167,39167,7.08
Wayne,OH,39169,39169,3.82
Williams,OH,39171,39171,5.2
Wood,OH,39173,39173,3.19
Wyandot,OH,39175,39175,4.24
Adair,OK,40001,40001,6.45
Alfalfa,OK,40003,40003,7.73
Atoka,OK,40005,40005,8.96
Beaver,OK,40007,40007,4.61
Beckham,OK,40009,40009,3.77
Blaine,OK,40011,40011,8.7
Bryan,OK,40013,40013,7.69
Caddo,OK,40015,40015,8.23
Canadian,OK,40017,40017,4.85
Carter,OK,40019,40019,6.39
Cherokee,OK,40021,40021,5.35
Choctaw,OK,40023,40023,7.77
Cimarron,OK,40025,40025,9.5
Cleveland,OK,40027,40027,4.31
Coal,OK,40029,40029,8.37
Comanche,OK,40031,40031,4.94
Cotton,OK,40033,40033,6.65
Craig,OK,40035,40035,8.37
Creek,OK,40037,40037,4.1
Custer,OK,40039,40039,3.05
Delaware,OK,40041,40041,8.35
Dewey,OK,40043,40043,6.76
Ellis,OK,40045,40045,7.25
Garfield,OK,40047,40047,4.91
Garvin,OK,40049,40049,5.14
Grady,OK,40051,40051,6.42
Grant,OK,40053,40053,10.07
Greer,OK,40055,40055,5.62
Harmon,OK,40057,40057,5.69
Harper,OK,40059,40059,9.36
Haskell,OK,40061,40061,8.55
Hughes,OK,40063,40063,4.85
Jackson,OK,40065,40065,4.28
Jefferson,OK,40067,40067,8.85
Johnston,OK,40069,40069,9.08
Kay,OK,40071,40071,6.57
Kingfisher,OK,40073,40073,6.32
Kiowa,OK,40075,40075,6.16
Latimer,OK,40077,40077,8.09
Le Flore,OK,40079,40079,7.27
Lincoln,OK,40081,40081,7.13
Logan,OK,40083,40083,4.51
Love,OK,40085,40085,6.4
McClain,OK,40087,40087,4.26
McCurtain,OK,40089,40089,7.47
McIntosh,OK,40091,40091,9.44
Major,OK,40093,40093,5.97
Marshall,OK,40095,40095,10.59
Mayes,OK,40097,40097,8.19
Murray,OK,40099,40099,8.69
Muskogee,OK,40101,40101,4.79
Noble,OK,40103,40103,5.99
Nowata,OK,40105,40105,7.28
Okfuskee,OK,40107,40107,5.86
Oklahoma,OK,40109,40109,3.86
Okmulgee,OK,40111,40111,6.22
Osage,OK,40113,40113,5.15
Ottawa,OK,40115,40115,6.91
Pawnee,OK,40117,40117,4.42
Payne,OK,40119,40119,3.99
Pittsburg,OK,40121,40121,8.8
Pontotoc,OK,40123,40123,4.84
Pottawatomie,OK,40125,40125,4.98
Pushmataha,OK,40127,40127,9.81
Roger Mills,OK,40129,40129,4.71
Rogers,OK,40131,40131,5.3
Seminole,OK,40133,40133,7.42
Sequoyah,OK,40135,40135,6.87
Stephens,OK,40137,40137,7.36
Texas,OK,40139,40139,2.21
Tillman,OK,40141,40141,6.25
Tulsa,OK,40143,40143,3.95
Wagoner,OK,40145,40145,5.62
Washington,OK,40147,40147,4.63
Washita,OK,40149,40149,4.32
Woods,OK,40151,40151,5.41
Woodward,OK,40153,40153,5.86
Baker,OR,41001,41001,10.01
Benton,OR,41003,41003,3.73
Clackamas,OR,41005,41005,3.95
Clatsop,OR,41007,41007,6.42
Columbia,OR,41009,41009,5.44
Coos,OR,41011,41011,8.27
Crook,OR,41013,41013,6.88
Curry,OR,41015,41015,8.86
Deschutes,OR,41017,41017,5.4
Douglas,OR,41019,41019,8.55
Gilliam,OR,41021,41021,6.48
Grant,OR,41023,41023,11.27
Harney,OR,41025,41025,6.89
Hood River,OR,41027,41027,3.26
Jackson,OR,41029,41029,5.13
Jefferson,OR,41031,41031,6.98
Josephine,OR,41033,41033,6.17
Klamath,OR,41035,41035,6.61
Lake,OR,41037,41037,9.02
Lane,OR,41039,41039,5.28
Lincoln,OR,41041,41041,7.08
Linn,OR,41043,41043,6.04
Malheur,OR,41045,41045,5.21
Marion,OR,41047,41047,4.3
Morrow,OR,41049,41049,6.38
Multnomah,OR,41051,41051,3.41
Polk,OR,41053,41053,4.31
Sherman,OR,41055,41055,7.99
Tillamook,OR,41057,41057,7.29
Umatilla,OR,41059,41059,5.54
Union,OR,41061,41061,6.69
Wallowa,OR,41063,41063,8.14
Wasco,OR,41065,41065,7.74
Washington,OR,41067,41067,2.91
Wheeler,OR,41069,41069,13.14
Yamhill,OR,41071,41071,5.01
Adams,PA,42001,42001,4.12
Allegheny,PA,42003,42003,3.51
Armstrong,PA,42005,42005,6.06
Beaver,PA,42007,42007,4.63
Bedford,PA,42009,42009,5.67
Berks,PA,42011,42011,3.4
Blair,PA,42013,42013,5.44
Bradford,PA,42015,42015,5.5
Bucks,PA,42017,42017,3.17
Butler,PA,42019,42019,3.75
Cambria,PA,42021,42021,5.64
Cameron,PA,42023,42023,6.5
Carbon,PA,42025,42025,4.51
Centre,PA,42027,42027,2.78
Chester,PA,42029,42029,2.7
Clarion,PA,42031,42031,5.52
Clearfield,PA,42033,42033,5.6
Clinton,PA,42035,42035,5.03
Columbia,PA,42037,42037,4.15
Crawford,PA,42039,42039,5.2
Cumberland,PA,42041,42041,3.55
Dauphin,PA,42043,42043,3.15
Delaware,PA,42045,42045,2.95
Elk,PA,42047,42047,6.14
Erie,PA,42049,42049,4.68
Fayette,PA,42051,42051,5.56
Forest,PA,42053,42053,12.34
Franklin,PA,42055,42055,4.21
Fulton,PA,42057,42057,5.79
Greene,PA,42059,42059,6.35
Huntingdon,PA,42061,42061,5.81
Indiana,PA,42063,42063,4.5
Jefferson,PA,42065,42065,5.48
Juniata,PA,42067,42067,5.55
Lackawanna,PA,42069,42069,4.34
Lancaster,PA,42071,42071,3.48
Lawrence,PA,42073,42073,5.38
Lebanon,PA,42075,42075,3.33
Lehigh,PA,42077,42077,3.14
Luzerne,PA,42079,42079,4.77
Lycoming,PA,42081,42081,4.9
McKean,PA,42083,42083,4.74
Mercer,PA,42085,42085,5.52
Mifflin,PA,42087,42087,6.31
Monroe,PA,42089,42089,4.37
Montgomery,PA,42091,42091,2.9
Montour,PA,42093,42093,4.16
Northampton,PA,42095,42095,3.16
Northumberland,PA,42097,42097,4.4
Perry,PA,42099,42099,4.53
Philadelphia,PA,42101,42101,3.03
Pike,PA,42103,42103,5.14
Potter,PA,42105,42105,6.01
Schuylkill,PA,42107,42107,5.21
Snyder,PA,42109,42109,4
Somerset,PA,42111,42111,6.47
Sullivan,PA,42113,42113,6.57
Susquehanna,PA,42115,42115,5.65
Tioga,PA,42117,42117,5.29
Union,PA,42119,42119,4.78
Venango,PA,42121,42121,5.73
Warren,PA,42123,42123,5.48
Washington,PA,42125,42125,4.44
Wayne,PA,42127,42127,5.44
Westmoreland,PA,42129,42129,4.55
Wyoming,PA,42131,42131,4.52
York,PA,42133,42133,3.65
Bristol,RI,44001,44001,3.04
Kent,RI,44003,44003,4.43
Newport,RI,44005,44005,3.8
Providence,RI,44007,44007,3.2
Washington,RI,44009,44009,4.12
Abbeville,SC,45001,45001,5.28
Aiken,SC,45003,45003,4.4
Allendale,SC,45005,45005,4.86
Anderson,SC,45007,45007,4.46
Bamberg,SC,45009,45009,4.31
Barnwell,SC,45011,45011,6.61
Beaufort,SC,45013,45013,4.54
Berkeley,SC,45015,45015,3.91
Calhoun,SC,45017,45017,4.01
Charleston,SC,45019,45019,3.26
Cherokee,SC,45021,45021,4.43
Chester,SC,45023,45023,4.6
Chesterfield,SC,45025,45025,3.09
Clarendon,SC,45027,45027,8
Colleton,SC,45029,45029,2.99
Darlington,SC,45031,45031,4.14
Dillon,SC,45033,45033,4.06
Dorchester,SC,45035,45035,3.63
Edgefield,SC,45037,45037,4.98
Fairfield,SC,45039,45039,3.36
Florence,SC,45041,45041,3.14
Georgetown,SC,45043,45043,3.99
Greenville,SC,45045,45045,3.41
Greenwood,SC,45047,45047,4.27
Hampton,SC,45049,45049,3.49
Horry,SC,45051,45051,4.49
Jasper,SC,45053,45053,3.25
Kershaw,SC,45055,45055,3.93
Lancaster,SC,45057,45057,3.36
Laurens,SC,45059,45059,5.26
Lee,SC,45061,45061,5.97
Lexington,SC,45063,45063,3.88
McCormick,SC,45065,45065,5.94
Marion,SC,45067,45067,4.33
Marlboro,SC,45069,45069,4.86
Newberry,SC,45071,45071,4.33
Oconee,SC,45073,45073,6.07
Orangeburg,SC,45075,45075,4
Pickens,SC,45077,45077,3.5
Richland,SC,45079,45079,2.92
Saluda,SC,45081,45081,4.22
Spartanburg,SC,45083,45083,3.95
Sumter,SC,45085,45085,4.96
Union,SC,45087,45087,4.33
Williamsburg,SC,45089,45089,4.73
York,SC,45091,45091,2.53
Aurora,SD,46003,46003,5.8
Beadle,SD,46005,46005,3.64
Bennett,SD,46007,46007,4.31
Bon Homme,SD,46009,46009,6.46
Brookings,SD,46011,46011,3.48
Brown,SD,46013,46013,3.42
Brule,SD,46015,46015,5.94
Buffalo,SD,46017,46017,4.79
Butte,SD,46019,46019,6.45
Campbell,SD,46021,46021,7.47
Charles Mix,SD,46023,46023,5.65
Clark,SD,46025,46025,5.35
Clay,SD,46027,46027,2.15
Codington,SD,46029,46029,4.35
Corson,SD,46031,46031,2.22
Custer,SD,46033,46033,8.6
Davison,SD,46035,46035,5.37
Day,SD,46037,46037,5.24
Deuel,SD,46039,46039,5.4
Dewey,SD,46041,46041,1.12
Douglas,SD,46043,46043,6.89
Edmunds,SD,46045,46045,4.88
Fall River,SD,46047,46047,7.16
Faulk,SD,46049,46049,4.53
Grant,SD,46051,46051,7.1
Gregory,SD,46053,46053,4.88
Haakon,SD,46055,46055,8.34
Hamlin,SD,46057,46057,3.81
Hand,SD,46059,46059,6.71
Hanson,SD,46061,46061,3.33
Harding,SD,46063,46063,4.2
Hughes,SD,46065,46065,3.34
Hutchinson,SD,46067,46067,5.29
Hyde,SD,46069,46069,5
Jackson,SD,46071,46071,4.17
Jerauld,SD,46073,46073,5.47
Jones,SD,46075,46075,4.04
Kingsbury,SD,46077,46077,4.98
Lake,SD,46079,46079,3.83
Lawrence,SD,46081,46081,5.71
Lincoln,SD,46083,46083,2.32
Lyman,SD,46085,46085,3.66
McCook,SD,46087,46087,4.24
McPherson,SD,46089,46089,5.51
Marshall,SD,46091,46091,4.58
Meade,SD,46093,46093,4.22
Mellette,SD,46095,46095,2.09
Miner,SD,46097,46097,3.6
Minnehaha,SD,46099,46099,3.06
Moody,SD,46101,46101,5.67
Pennington,SD,46103,46103,4.64
Perkins,SD,46105,46105,4.34
Potter,SD,46107,46107,6.41
Roberts,SD,46109,46109,4.05
Sanborn,SD,46111,46111,5.71
Shannon,SD,46113,46113,3.63
Spink,SD,46115,46115,4.36
Stanley,SD,46117,46117,4.5
Sully,SD,46119,46119,4.44
Todd,SD,46121,46121,2.02
Tripp,SD,46123,46123,4.14
Turner,SD,46125,46125,4.88
Union,SD,46127,46127,3.77
Walworth,SD,46129,46129,5.62
Yankton,SD,46135,46135,6.23
Ziebach,SD,46137,46137,1.93
Anderson,TN,47001,47001,5.48
Bedford,TN,47003,47003,3.92
Benton,TN,47005,47005,7.96
Bledsoe,TN,47007,47007,9.01
Blount,TN,47009,47009,3.98
Bradley,TN,47011,47011,5.43
Campbell,TN,47013,47013,9.09
Cannon,TN,47015,47015,6.58
Carroll,TN,47017,47017,5.46
Carter,TN,47019,47019,7.23
Cheatham,TN,47021,47021,4.74
Chester,TN,47023,47023,2.89
Claiborne,TN,47025,47025,6.69
Clay,TN,47027,47027,4.1
Cocke,TN,47029,47029,5.68
Coffee,TN,47031,47031,5.86
Crockett,TN,47033,47033,5.67
Cumberland,TN,47035,47035,8.17
Davidson,TN,47037,47037,2.96
Decatur,TN,47039,47039,4.68
DeKalb,TN,47041,47041,4.74
Dickson,TN,47043,47043,5.28
Dyer,TN,47045,47045,6.25
Fayette,TN,47047,47047,4.6
Fentress,TN,47049,47049,7.76
Franklin,TN,47051,47051,5.97
Gibson,TN,47053,47053,5.37
Giles,TN,47055,47055,4.69
Grainger,TN,47057,47057,8.96
Greene,TN,47059,47059,6.97
Grundy,TN,47061,47061,8.61
Hamblen,TN,47063,47063,4.26
Hamilton,TN,47065,47065,4.19
Hancock,TN,47067,47067,7.48
Hardeman,TN,47069,47069,5.59
Hardin,TN,47071,47071,3.92
Hawkins,TN,47073,47073,6.83
Haywood,TN,47075,47075,3.98
Henderson,TN,47077,47077,4.73
Henry,TN,47079,47079,6.28
Hickman,TN,47081,47081,6.43
Houston,TN,47083,47083,5.91
Humphreys,TN,47085,47085,6.67
Jackson,TN,47087,47087,6.82
Jefferson,TN,47089,47089,5.48
Johnson,TN,47091,47091,7.83
Knox,TN,47093,47093,3.34
Lake,TN,47095,47095,5.76
Lauderdale,TN,47097,47097,5.76
Lawrence,TN,47099,47099,5.81
Lewis,TN,47101,47101,5.08
Lincoln,TN,47103,47103,7.09
Loudon,TN,47105,47105,4.94
McMinn,TN,47107,47107,6.67
McNairy,TN,47109,47109,4.95
Macon,TN,47111,47111,6.19
Madison,TN,47113,47113,3.91
Marion,TN,47115,47115,7.83
Marshall,TN,47117,47117,4.43
Maury,TN,47119,47119,3.57
Meigs,TN,47121,47121,6.36
Monroe,TN,47123,47123,5.86
Montgomery,TN,47125,47125,4.31
Moore,TN,47127,47127,4.38
Morgan,TN,47129,47129,8.6
Obion,TN,47131,47131,6.94
Overton,TN,47133,47133,3.97
Perry,TN,47135,47135,4.54
Pickett,TN,47137,47137,6.94
Polk,TN,47139,47139,5.49
Putnam,TN,47141,47141,3.48
Rhea,TN,47143,47143,5.46
Roane,TN,47145,47145,6.58
Robertson,TN,47147,47147,4.3
Rutherford,TN,47149,47149,3.04
Scott,TN,47151,47151,9.78
Sequatchie,TN,47153,47153,7.79
Sevier,TN,47155,47155,4.88
Shelby,TN,47157,47157,2.5
Smith,TN,47159,47159,4.37
Stewart,TN,47161,47161,7.03
Sullivan,TN,47163,47163,6.23
Sumner,TN,47165,47165,4.06
Tipton,TN,47167,47167,4.73
Trousdale,TN,47169,47169,3.89
Unicoi,TN,47171,47171,7.82
Union,TN,47173,47173,5.34
Van Buren,TN,47175,47175,7.47
Warren,TN,47177,47177,6.25
Washington,TN,47179,47179,5.97
Wayne,TN,47181,47181,7.48
Weakley,TN,47183,47183,5.21
White,TN,47185,47185,4.92
Williamson,TN,47187,47187,2.47
Wilson,TN,47189,47189,3.98
Anderson,TX,48001,48001,3.48
Andrews,TX,48003,48003,2.5
Angelina,TX,48005,48005,5.53
Aransas,TX,48007,48007,7.5
Archer,TX,48009,48009,4.59
Armstrong,TX,48011,48011,4.61
Atascosa,TX,48013,48013,3.04
Austin,TX,48015,48015,4.75
Bailey,TX,48017,48017,6.42
Bandera,TX,48019,48019,6.87
Bastrop,TX,48021,48021,4.96
Baylor,TX,48023,48023,5.4
Bee,TX,48025,48025,3.84
Bell,TX,48027,48027,4.4
Bexar,TX,48029,48029,3.8
Blanco,TX,48031,48031,6.05
Borden,TX,48033,48033,10.28
Bosque,TX,48035,48035,6.77
Bowie,TX,48037,48037,3.27
Brazoria,TX,48039,48039,2.99
Brazos,TX,48041,48041,2.23
Brewster,TX,48043,48043,6.76
Briscoe,TX,48045,48045,7.41
Brooks,TX,48047,48047,5.85
Brown,TX,48049,48049,5.42
Burleson,TX,48051,48051,5.15
Burnet,TX,48053,48053,6.3
Caldwell,TX,48055,48055,4.92
Calhoun,TX,48057,48057,6.56
Callahan,TX,48059,48059,6.33
Cameron,TX,48061,48061,3.35
Camp,TX,48063,48063,6.13
Carson,TX,48065,48065,5.32
Cass,TX,48067,48067,5.09
Castro,TX,48069,48069,2.69
Chambers,TX,48071,48071,3.55
Cherokee,TX,48073,48073,3.44
Childress,TX,48075,48075,6.49
Clay,TX,48077,48077,6.34
Cochran,TX,48079,48079,5.69
Coke,TX,48081,48081,7.05
Coleman,TX,48083,48083,4.1
Collin,TX,48085,48085,2.11
Collingsworth,TX,48087,48087,3.1
Colorado,TX,48089,48089,4.15
Comal,TX,48091,48091,4.73
Comanche,TX,48093,48093,7.41
Concho,TX,48095,48095,4.69
Cooke,TX,48097,48097,4.22
Coryell,TX,48099,48099,5.02
Cottle,TX,48101,48101,8.95
Crane,TX,48103,48103,2.02
Crockett,TX,48105,48105,2.05
Crosby,TX,48107,48107,5.82
Culberson,TX,48109,48109,6.02
Dallam,TX,48111,48111,5.11
Dallas,TX,48113,48113,2.36
Dawson,TX,48115,48115,5.18
Deaf Smith,TX,48117,48117,2.74
Delta,TX,48119,48119,6.35
Denton,TX,48121,48121,2.15
DeWitt,TX,48123,48123,5.41
Dickens,TX,48125,48125,6.13
Dimmit,TX,48127,48127,5.94
Donley,TX,48129,48129,4.65
Duval,TX,48131,48131,9.86
Eastland,TX,48133,48133,6.81
Ector,TX,48135,48135,3.5
Edwards,TX,48137,48137,8.08
Ellis,TX,48139,48139,3.78
El Paso,TX,48141,48141,3.78
Erath,TX,48143,48143,4.36
Falls,TX,48145,48145,7.32
Fannin,TX,48147,48147,5.17
Fayette,TX,48149,48149,4.04
Fisher,TX,48151,48151,8.26
Floyd,TX,48153,48153,3.05
Foard,TX,48155,48155,10.57
Fort Bend,TX,48157,48157,1.82
Franklin,TX,48159,48159,6.91
Freestone,TX,48161,48161,5.13
Frio,TX,48163,48163,5.42
Gaines,TX,48165,48165,3.95
Galveston,TX,48167,48167,3.54
Garza,TX,48169,48169,3.92
Gillespie,TX,48171,48171,5.08
Glasscock,TX,48173,48173,1.52
Goliad,TX,48175,48175,5.73
Gonzales,TX,48177,48177,4.72
Gray,TX,48179,48179,4.87
Grayson,TX,48181,48181,4.9
Gregg,TX,48183,48183,3.65
Grimes,TX,48185,48185,4.81
Guadalupe,TX,48187,48187,4.46
Hale,TX,48189,48189,3.89
Hall,TX,48191,48191,5.41
Hamilton,TX,48193,48193,8.08
Hansford,TX,48195,48195,5.57
Hardeman,TX,48197,48197,7.17
Hardin,TX,48199,48199,4.53
Harris,TX,48201,48201,2.34
Harrison,TX,48203,48203,3.56
Hartley,TX,48205,48205,4.29
Haskell,TX,48207,48207,8.4
Hays,TX,48209,48209,2.96
Hemphill,TX,48211,48211,6.42
Henderson,TX,48213,48213,5.39
Hidalgo,TX,48215,48215,3.58
Hill,TX,48217,48217,6.24
Hockley,TX,48219,48219,4.89
Hood,TX,48221,48221,4.55
Hopkins,TX,48223,48223,5.21
Houston,TX,48225,48225,4.19
Howard,TX,48227,48227,4.69
Hudspeth,TX,48229,48229,7.97
Hunt,TX,48231,48231,4.71
Hutchinson,TX,48233,48233,8.11
Irion,TX,48235,48235,5.3
Jack,TX,48237,48237,4.46
Jackson,TX,48239,48239,5.28
Jasper,TX,48241,48241,5.53
Jeff Davis,TX,48243,48243,4.04
Jefferson,TX,48245,48245,3.82
Jim Hogg,TX,48247,48247,5.63
Jim Wells,TX,48249,48249,5.25
Johnson,TX,48251,48251,3.24
Jones,TX,48253,48253,7.57
Karnes,TX,48255,48255,4.37
Kaufman,TX,48257,48257,3.6
Kendall,TX,48259,48259,4.58
Kenedy,TX,48261,48261,6.16
Kent,TX,48263,48263,11.81
Kerr,TX,48265,48265,5.97
Kimble,TX,48267,48267,6.88
King,TX,48269,48269,2.11
Kinney,TX,48271,48271,8.12
Kleberg,TX,48273,48273,3.88
Knox,TX,48275,48275,6.61
Lamar,TX,48277,48277,5.42
Lamb,TX,48279,48279,6.83
Lampasas,TX,48281,48281,7.47
La Salle,TX,48283,48283,8.53
Lavaca,TX,48285,48285,5.76
Lee,TX,48287,48287,3.66
Leon,TX,48289,48289,6.89
Liberty,TX,48291,48291,5.06
Limestone,TX,48293,48293,5.41
Lipscomb,TX,48295,48295,5.45
Live Oak,TX,48297,48297,8.74
Llano,TX,48299,48299,8.57
Loving,TX,48301,48301,3.06
Lubbock,TX,48303,48303,3.84
Lynn,TX,48305,48305,8.07
McCulloch,TX,48307,48307,5.5
McLennan,TX,48309,48309,4.08
McMullen,TX,48311,48311,9.3
Madison,TX,48313,48313,4.7
Marion,TX,48315,48315,5.04
Martin,TX,48317,48317,3.79
Mason,TX,48319,48319,4.36
Matagorda,TX,48321,48321,5.6
Maverick,TX,48323,48323,5.03
Medina,TX,48325,48325,5.8
Menard,TX,48327,48327,12.01
Midland,TX,48329,48329,3.39
Milam,TX,48331,48331,4.61
Mills,TX,48333,48333,8.87
Mitchell,TX,48335,48335,5.38
Montague,TX,48337,48337,7.46
Montgomery,TX,48339,48339,2.99
Moore,TX,48341,48341,4.96
Morris,TX,48343,48343,6.16
Motley,TX,48345,48345,5.19
Nacogdoches,TX,48347,48347,4.75
Navarro,TX,48349,48349,5.99
Newton,TX,48351,48351,6.68
Nolan,TX,48353,48353,6.15
Nueces,TX,48355,48355,3.79
Ochiltree,TX,48357,48357,2.35
Oldham,TX,48359,48359,4.37
Orange,TX,48361,48361,4.37
Palo Pinto,TX,48363,48363,5.86
Panola,TX,48365,48365,3.77
Parker,TX,48367,48367,4.08
Parmer,TX,48369,48369,5.28
Pecos,TX,48371,48371,3.4
Polk,TX,48373,48373,7.03
Potter,TX,48375,48375,3.55
Presidio,TX,48377,48377,8.8
Rains,TX,48379,48379,6.92
Randall,TX,48381,48381,3.98
Reagan,TX,48383,48383,2.09
Real,TX,48385,48385,11.67
Red River,TX,48387,48387,4.68
Reeves,TX,48389,48389,4.93
Refugio,TX,48391,48391,8.22
Roberts,TX,48393,48393,6.46
Robertson,TX,48395,48395,3.78
Rockwall,TX,48397,48397,2.45
Runnels,TX,48399,48399,5.41
Rusk,TX,48401,48401,5.56
Sabine,TX,48403,48403,11.63
San Augustine,TX,48405,48405,10.05
San Jacinto,TX,48407,48407,7.29
San Patricio,TX,48409,48409,5.14
San Saba,TX,48411,48411,5.97
Schleicher,TX,48413,48413,5.77
Scurry,TX,48415,48415,4.78
Shackelford,TX,48417,48417,8.04
Shelby,TX,48419,48419,4.32
Sherman,TX,48421,48421,7.36
Smith,TX,48423,48423,4.38
Somervell,TX,48425,48425,2.67
Starr,TX,48427,48427,5.2
Stephens,TX,48429,48429,6.69
Sterling,TX,48431,48431,6.87
Stonewall,TX,48433,48433,10.72
Sutton,TX,48435,48435,4.07
Swisher,TX,48437,48437,5.04
Tarrant,TX,48439,48439,2.81
Taylor,TX,48441,48441,4.53
Terrell,TX,48443,48443,4.13
Terry,TX,48445,48445,5.71
Throckmorton,TX,48447,48447,9.57
Titus,TX,48449,48449,4.61
Tom Green,TX,48451,48451,3.8
Travis,TX,48453,48453,2.25
Trinity,TX,48455,48455,11.3
Tyler,TX,48457,48457,6.74
Upshur,TX,48459,48459,5.76
Upton,TX,48461,48461,2.97
Uvalde,TX,48463,48463,5.61
Val Verde,TX,48465,48465,4.41
Van Zandt,TX,48467,48467,5.54
Victoria,TX,48469,48469,4.49
Walker,TX,48471,48471,2.17
Waller,TX,48473,48473,3.55
Ward,TX,48475,48475,2.95
Washington,TX,48477,48477,4.34
Webb,TX,48479,48479,3.63
Wharton,TX,48481,48481,5.12
Wheeler,TX,48483,48483,5.05
Wichita,TX,48485,48485,5.02
Wilbarger,TX,48487,48487,5.7
Willacy,TX,48489,48489,4.78
Williamson,TX,48491,48491,2.97
Wilson,TX,48493,48493,3.59
Winkler,TX,48495,48495,4.75
Wise,TX,48497,48497,6.25
Wood,TX,48499,48499,8.42
Yoakum,TX,48501,48501,1.75
Young,TX,48503,48503,3.99
Zapata,TX,48505,48505,5.67
Zavala,TX,48507,48507,6.14
Beaver,UT,49001,49001,4.78
Box Elder,UT,49003,49003,4.08
Cache,UT,49005,49005,2.46
Carbon,UT,49007,49007,4.75
Daggett,UT,49009,49009,3.29
Davis,UT,49011,49011,3.06
Duchesne,UT,49013,49013,5.02
Emery,UT,49015,49015,4.81
Garfield,UT,49017,49017,6.74
Grand,UT,49019,49019,3.52
Iron,UT,49021,49021,3.05
Juab,UT,49023,49023,4.52
Kane,UT,49025,49025,7.24
Millard,UT,49027,49027,5.41
Morgan,UT,49029,49029,3.85
Piute,UT,49031,49031,10.21
Rich,UT,49033,49033,6.38
Salt Lake,UT,49035,49035,2.69
San Juan,UT,49037,49037,5.93
Sanpete,UT,49039,49039,5.31
Sevier,UT,49041,49041,4.9
Summit,UT,49043,49043,1.79
Tooele,UT,49045,49045,2.78
Uintah,UT,49047,49047,2.77
Utah,UT,49049,49049,2.2
Wasatch,UT,49051,49051,2.96
Washington,UT,49053,49053,4.77
Wayne,UT,49055,49055,4.82
Weber,UT,49057,49057,3.26
Addison,VT,50001,50001,5.78
Bennington,VT,50003,50003,5.56
Caledonia,VT,50005,50005,5.38
Chittenden,VT,50007,50007,3.39
Essex,VT,50009,50009,7.37
Franklin,VT,50011,50011,4.06
Grand Isle,VT,50013,50013,3.89
Lamoille,VT,50015,50015,4.43
Orange,VT,50017,50017,6.24
Orleans,VT,50019,50019,5.12
Rutland,VT,50021,50021,5.56
Washington,VT,50023,50023,4.62
Windham,VT,50025,50025,4.7
Windsor,VT,50027,50027,4.99
Accomack,VA,51001,51001,4.22
Albemarle,VA,51003,51003,2.98
Alleghany,VA,51005,51005,6.8
Amelia,VA,51007,51007,3.81
Amherst,VA,51009,51009,3.67
Appomattox,VA,51011,51011,5.22
Arlington,VA,51013,51013,1.78
Augusta,VA,51015,51015,4.54
Bath,VA,51017,51017,7.23
Bedford,VA,51019,51019,4.64
Bland,VA,51021,51021,6.03
Botetourt,VA,51023,51023,3.55
Brunswick,VA,51025,51025,4.12
Buchanan,VA,51027,51027,8.46
Buckingham,VA,51029,51029,2.88
Campbell,VA,51031,51031,4.68
Caroline,VA,51033,51033,3.14
Carroll,VA,51035,51035,5.31
Charles City,VA,51036,51036,3.98
Charlotte,VA,51037,51037,4.09
Chesterfield,VA,51041,51041,2.97
Clarke,VA,51043,51043,3.08
Craig,VA,51045,51045,5.34
Culpeper,VA,51047,51047,3.61
Cumberland,VA,51049,51049,4.9
Dickenson,VA,51051,51051,7.43
Dinwiddie,VA,51053,51053,3.71
Essex,VA,51057,51057,4.68
Fairfax,VA,51059,51059,2.09
Fauquier,VA,51061,51061,3.45
Floyd,VA,51063,51063,5.08
Fluvanna,VA,51065,51065,5.72
Franklin,VA,51067,51067,4.31
Frederick,VA,51069,51069,4.07
Giles,VA,51071,51071,4.93
Gloucester,VA,51073,51073,5.71
Goochland,VA,51075,51075,4.56
Grayson,VA,51077,51077,7.32
Greene,VA,51079,51079,3.62
Greensville,VA,51081,51081,3.86
Halifax,VA,51083,51083,3.91
Hanover,VA,51085,51085,3.27
Henrico,VA,51087,51087,2.86
Henry,VA,51089,51089,5.19
Highland,VA,51091,51091,10.75
Isle of Wight,VA,51093,51093,4.02
James City,VA,51095,51095,5.28
King and Queen,VA,51097,51097,4.84
King George,VA,51099,51099,3.37
King William,VA,51101,51101,3.51
Lancaster,VA,51103,51103,4.78
Lee,VA,51105,51105,11.06
Loudoun,VA,51107,51107,1.88
Louisa,VA,51109,51109,6.11
Lunenburg,VA,51111,51111,4.25
Madison,VA,51113,51113,5.36
Mathews,VA,51115,51115,5.65
Mecklenburg,VA,51117,51117,5.35
Middlesex,VA,51119,51119,4.8
Montgomery,VA,51121,51121,2.94
Nelson,VA,51125,51125,2.73
New Kent,VA,51127,51127,3.17
Northampton,VA,51131,51131,4.24
Northumberland,VA,51133,51133,4.23
Nottoway,VA,51135,51135,5.2
Orange,VA,51137,51137,5.18
Page,VA,51139,51139,5.33
Patrick,VA,51141,51141,5.83
Pittsylvania,VA,51143,51143,5.26
Powhatan,VA,51145,51145,3.62
Prince Edward,VA,51147,51147,3.5
Prince George,VA,51149,51149,3.8
Prince William,VA,51153,51153,1.98
Pulaski,VA,51155,51155,6.18
Rappahannock,VA,51157,51157,5.18
Richmond,VA,51159,51159,4.14
Roanoke,VA,51161,51161,3.34
Rockbridge,VA,51163,51163,4.45
Rockingham,VA,51165,51165,4.42
Russell,VA,51167,51167,9.26
Scott,VA,51169,51169,8.86
Shenandoah,VA,51171,51171,5.17
Smyth,VA,51173,51173,6.98
Southampton,VA,51175,51175,4.88
Spotsylvania,VA,51177,51177,3.18
Stafford,VA,51179,51179,2.62
Surry,VA,51181,51181,3.48
Sussex,VA,51183,51183,4.5
Tazewell,VA,51185,51185,7.51
Warren,VA,51187,51187,3.25
Washington,VA,51191,51191,6.03
Westmoreland,VA,51193,51193,4.62
Wise,VA,51195,51195,8.89
Wythe,VA,51197,51197,6.44
York,VA,51199,51199,3.61
Alexandria City,VA,51510,51510,2.18
Bedford City,VA,51515,51515,N/A
Bristol City,VA,51520,51520,6.24
Buena Vista City,VA,51530,51530,6.07
Charlottesville City,VA,51540,51540,1.89
Chesapeake City,VA,51550,51550,2.58
Colonial Heights City,VA,51570,51570,4.91
Covington City,VA,51580,51580,3.98
Danville City,VA,51590,51590,4.51
Emporia City,VA,51595,51595,4.37
Fairfax City,VA,51600,51600,1.73
Falls Church City,VA,51610,51610,2.13
Franklin City,VA,51620,51620,3.81
Fredericksburg City,VA,51630,51630,3.26
Galax City,VA,51640,51640,6.97
Hampton City,VA,51650,51650,3.34
Harrisonburg City,VA,51660,51660,2.2
Hopewell City,VA,51670,51670,4.85
Lexington City,VA,51678,51678,2.46
Lynchburg City,VA,51680,51680,2.64
Manassas City,VA,51683,51683,2.28
Manassas Park City,VA,51685,51685,1.76
Martinsville City,VA,51690,51690,3.83
Newport News City,VA,51700,51700,3.34
Norfolk City,VA,51710,51710,3
Norton City,VA,51720,51720,6.34
Petersburg City,VA,51730,51730,4.13
Poquoson City,VA,51735,51735,4.27
Portsmouth City,VA,51740,51740,3.24
Radford City,VA,51750,51750,2.57
Richmond City,VA,51760,51760,2.7
Roanoke City,VA,51770,51770,3
Salem City,VA,51775,51775,3.28
Staunton City,VA,51790,51790,4.89
Suffolk City,VA,51800,51800,2.68
Virginia Beach City,VA,51810,51810,2.99
Waynesboro City,VA,51820,51820,3.47
Williamsburg City,VA,51830,51830,4.84
Winchester City,VA,51840,51840,2.99
Adams,WA,53001,53001,2.43
Asotin,WA,53003,53003,6.37
Benton,WA,53005,53005,4.47
Chelan,WA,53007,53007,5.35
Clallam,WA,53009,53009,7.54
Clark,WA,53011,53011,3.68
Columbia,WA,53013,53013,9.2
Cowlitz,WA,53015,53015,6.89
Douglas,WA,53017,53017,7.4
Ferry,WA,53019,53019,10.49
Franklin,WA,53021,53021,3.22
Garfield,WA,53023,53023,8.83
Grant,WA,53025,53025,3.94
Grays Harbor,WA,53027,53027,6.87
Island,WA,53029,53029,5.88
Jefferson,WA,53031,53031,7.34
King,WA,53033,53033,2.71
Kitsap,WA,53035,53035,4.94
Kittitas,WA,53037,53037,4.96
Klickitat,WA,53039,53039,5.9
Lewis,WA,53041,53041,6.75
Lincoln,WA,53043,53043,6.38
Mason,WA,53045,53045,6.75
Okanogan,WA,53047,53047,6.46
Pacific,WA,53049,53049,9.26
Pend Oreille,WA,53051,53051,6.62
Pierce,WA,53053,53053,3.97
San Juan,WA,53055,53055,4.31
Skagit,WA,53057,53057,4.78
Skamania,WA,53059,53059,4.53
Snohomish,WA,53061,53061,3.43
Spokane,WA,53063,53063,4.17
Stevens,WA,53065,53065,7.01
Thurston,WA,53067,53067,4.2
Wahkiakum,WA,53069,53069,10.51
Walla Walla,WA,53071,53071,5.35
Whatcom,WA,53073,53073,4.29
Whitman,WA,53075,53075,3.96
Yakima,WA,53077,53077,3.9
Barbour,WV,54001,54001,5.79
Berkeley,WV,54003,54003,3.58
Boone,WV,54005,54005,9.06
Braxton,WV,54007,54007,7.16
Brooke,WV,54009,54009,6.51
Cabell,WV,54011,54011,4.98
Calhoun,WV,54013,54013,9.3
Clay,WV,54015,54015,9.12
Doddridge,WV,54017,54017,6.88
Fayette,WV,54019,54019,9.67
Gilmer,WV,54021,54021,5.3
Grant,WV,54023,54023,6.09
Greenbrier,WV,54025,54025,8.26
Hampshire,WV,54027,54027,9.08
Hancock,WV,54029,54029,5.11
Hardy,WV,54031,54031,4.8
Harrison,WV,54033,54033,5.93
Jackson,WV,54035,54035,5.66
Jefferson,WV,54037,54037,3
Kanawha,WV,54039,54039,4.8
Lewis,WV,54041,54041,5.25
Lincoln,WV,54043,54043,7.68
Logan,WV,54045,54045,11.36
McDowell,WV,54047,54047,13.44
Marion,WV,54049,54049,6.32
Marshall,WV,54051,54051,6.09
Mason,WV,54053,54053,6.37
Mercer,WV,54055,54055,8.34
Mineral,WV,54057,54057,6.82
Mingo,WV,54059,54059,11.3
Monongalia,WV,54061,54061,3.6
Monroe,WV,54063,54063,9.42
Morgan,WV,54065,54065,5.19
Nicholas,WV,54067,54067,8
Ohio,WV,54069,54069,4.88
Pendleton,WV,54071,54071,6.95
Pleasants,WV,54073,54073,7.01
Pocahontas,WV,54075,54075,7.96
Preston,WV,54077,54077,6.47
Putnam,WV,54079,54079,3.45
Raleigh,WV,54081,54081,7.93
Randolph,WV,54083,54083,5.76
Ritchie,WV,54085,54085,8.23
Roane,WV,54087,54087,6.9
Summers,WV,54089,54089,12.21
Taylor,WV,54091,54091,8.04
Tucker,WV,54093,54093,7.91
Tyler,WV,54095,54095,6.05
Upshur,WV,54097,54097,4.8
Wayne,WV,54099,54099,7.55
Webster,WV,54101,54101,6.17
Wetzel,WV,54103,54103,5.28
Wirt,WV,54105,54105,11.31
Wood,WV,54107,54107,5.29
Wyoming,WV,54109,54109,13.08
Adams,WI,55001,55001,7.01
Ashland,WI,55003,55003,5.43
Barron,WI,55005,55005,4.56
Bayfield,WI,55007,55007,6.67
Brown,WI,55009,55009,2.87
Buffalo,WI,55011,55011,4.37
Burnett,WI,55013,55013,6.72
Calumet,WI,55015,55015,2.89
Chippewa,WI,55017,55017,4.18
Clark,WI,55019,55019,4.56
Columbia,WI,55021,55021,3.62
Crawford,WI,55023,55023,5.04
Dane,WI,55025,55025,2.34
Dodge,WI,55027,55027,3.7
Door,WI,55029,55029,5.55
Douglas,WI,55031,55031,5.06
Dunn,WI,55033,55033,3.83
Eau Claire,WI,55035,55035,3.88
Florence,WI,55037,55037,6.83
Fond du Lac,WI,55039,55039,3.28
Forest,WI,55041,55041,6.6
Grant,WI,55043,55043,4.38
Green,WI,55045,55045,3.76
Green Lake,WI,55047,55047,4.34
Iowa,WI,55049,55049,4.6
Iron,WI,55051,55051,7.22
Jackson,WI,55053,55053,4.94
Jefferson,WI,55055,55055,3.37
Juneau,WI,55057,55057,5.24
Kenosha,WI,55059,55059,3.05
Kewaunee,WI,55061,55061,4
La Crosse,WI,55063,55063,3.69
Lafayette,WI,55065,55065,3.76
Langlade,WI,55067,55067,6.37
Lincoln,WI,55069,55069,4.99
Manitowoc,WI,55071,55071,3.63
Marathon,WI,55073,55073,3.85
Marinette,WI,55075,55075,5.62
Marquette,WI,55077,55077,5.75
Menominee,WI,55078,55078,5.04
Milwaukee,WI,55079,55079,2.8
Monroe,WI,55081,55081,4.58
Oconto,WI,55083,55083,4.34
Oneida,WI,55085,55085,5.41
Outagamie,WI,55087,55087,3.16
Ozaukee,WI,55089,55089,2.91
Pepin,WI,55091,55091,4.63
Pierce,WI,55093,55093,3.62
Polk,WI,55095,55095,4.79
Portage,WI,55097,55097,4.1
Price,WI,55099,55099,6.6
Racine,WI,55101,55101,3.21
Richland,WI,55103,55103,4.21
Rock,WI,55105,55105,3.75
Rusk,WI,55107,55107,6.42
St. Croix,WI,55109,55109,3.27
Sauk,WI,55111,55111,3.99
Sawyer,WI,55113,55113,6.13
Shawano,WI,55115,55115,4.45
Sheboygan,WI,55117,55117,3.11
Taylor,WI,55119,55119,4.59
Trempealeau,WI,55121,55121,3.67
Vernon,WI,55123,55123,3.23
Vilas,WI,55125,55125,5.64
Walworth,WI,55127,55127,4.16
Washburn,WI,55129,55129,5.77
Washington,WI,55131,55131,3.37
Waukesha,WI,55133,55133,3.24
Waupaca,WI,55135,55135,5.73
Waushara,WI,55137,55137,5.95
Winnebago,WI,55139,55139,3.31
Wood,WI,55141,55141,5.33
Albany,WY,56001,56001,3.38
Big Horn,WY,56003,56003,7.28
Campbell,WY,56005,56005,3.42
Carbon,WY,56007,56007,5.09
Converse,WY,56009,56009,8.28
Crook,WY,56011,56011,4.39
Fremont,WY,56013,56013,5.11
Goshen,WY,56015,56015,5.48
Hot Springs,WY,56017,56017,6.42
Johnson,WY,56019,56019,5.48
Laramie,WY,56021,56021,5.36
Lincoln,WY,56023,56023,5.51
Natrona,WY,56025,56025,5.56
Niobrara,WY,56027,56027,7.57
Park,WY,56029,56029,5.48
Platte,WY,56031,56031,8.44
Sheridan,WY,56033,56033,4.59
Sublette,WY,56035,56035,7.3
Sweetwater,WY,56037,56037,5.55
Teton,WY,56039,56039,2.55
Uinta,WY,56041,56041,6.03
Washakie,WY,56043,56043,5.44
Weston,WY,56045,56045,5.92