County,State,FIPS Code,Formatted FIPS,Percent of population living in correctional facilities for adul
Autauga,AL,1001,01001,0.24
Baldwin,AL,1003,01003,0.53
Barbour,AL,1005,01005,9.98
Bibb,AL,1007,01007,8.33
Blount,AL,1009,01009,0.15
Bullock,AL,1011,01011,15.26
Butler,AL,1013,01013,0.28
Calhoun,AL,1015,01015,0.88
Chambers,AL,1017,01017,0.36
Cherokee,AL,1019,01019,0.46
Chilton,AL,1021,01021,0.33
Choctaw,AL,1023,01023,0
Clarke,AL,1025,01025,0.38
Clay,AL,1027,01027,0.58
Cleburne,AL,1029,01029,0.6
Coffee,AL,1031,01031,0.57
Colbert,AL,1033,01033,0.04
Conecuh,AL,1035,01035,0.4
Coosa,AL,1037,01037,2.41
Covington,AL,1039,01039,0.19
Crenshaw,AL,1041,01041,0
Cullman,AL,1043,01043,0.29
Dale,AL,1045,01045,0.13
Dallas,AL,1047,01047,0.02
DeKalb,AL,1049,01049,0.39
Elmore,AL,1051,01051,6.01
Escambia,AL,1053,01053,4.97
Etowah,AL,1055,01055,0.43
Fayette,AL,1057,01057,0.49
Franklin,AL,1059,01059,0.27
Geneva,AL,1061,01061,0.28
Greene,AL,1063,01063,0.3
Hale,AL,1065,01065,0.12
Henry,AL,1067,01067,0.13
Houston,AL,1069,01069,0.14
Jackson,AL,1071,01071,0.27
Jefferson,AL,1073,01073,0.37
Lamar,AL,1075,01075,0.15
Lauderdale,AL,1077,01077,0.28
Lawrence,AL,1079,01079,0.34
Lee,AL,1081,01081,0.19
Limestone,AL,1083,01083,2.48
Lowndes,AL,1085,01085,1.21
Macon,AL,1087,01087,0.22
Madison,AL,1089,01089,0.22
Marengo,AL,1091,01091,0.24
Marion,AL,1093,01093,1.36
Marshall,AL,1095,01095,0.3
Mobile,AL,1097,01097,0.42
Monroe,AL,1099,01099,0.38
Montgomery,AL,1101,01101,1.4
Morgan,AL,1103,01103,1.08
Perry,AL,1105,01105,0
Pickens,AL,1107,01107,8.43
Pike,AL,1109,01109,0
Randolph,AL,1111,01111,0.26
Russell,AL,1113,01113,0.32
St. Clair,AL,1115,01115,1.43
Shelby,AL,1117,01117,0.55
Sumter,AL,1119,01119,0
Talladega,AL,1121,01121,1.98
Tallapoosa,AL,1123,01123,0.27
Tuscaloosa,AL,1125,01125,0.26
Walker,AL,1127,01127,0.45
Washington,AL,1129,01129,0.31
Wilcox,AL,1131,01131,0.97
Winston,AL,1133,01133,0.3
Aleutians East,AK,2013,02013,0
Aleutians West,AK,2016,02016,0
Anchorage,AK,2020,02020,0.43
Bethel,AK,2050,02050,1.19
Bristol Bay,AK,2060,02060,0
Chugach,AK,2063,02063,0.06
Copper River,AK,2066,02066,0
Denali,AK,2068,02068,0
Dillingham,AK,2070,02070,0.33
Fairbanks North Star,AK,2090,02090,0.35
Haines,AK,2100,02100,0
Hoonah-Angoon,AK,2105,02105,0
Juneau,AK,2110,02110,0.79
Kenai Peninsula,AK,2122,02122,1.62
Ketchikan Gateway,AK,2130,02130,0.45
Kodiak Island,AK,2150,02150,0.27
Kusilvak,AK,2158,02158,0
Lake and Peninsula,AK,2164,02164,0
Matanuska-Susitna,AK,2170,02170,1.45
Nome,AK,2180,02180,1.31
North Slope,AK,2185,02185,0.06
Northwest Arctic,AK,2188,02188,0
Petersburg,AK,2195,02195,0
Prince of Wales-Hyder,AK,2198,02198,0.09
Sitka,AK,2220,02220,0.08
Skagway,AK,2230,02230,0
Southeast Fairbanks,AK,2240,02240,0
Wrangell,AK,2275,02275,0
Yakutat,AK,2282,02282,0
Yukon-Koyukuk,AK,2290,02290,0
Apache,AZ,4001,04001,0.57
Cochise,AZ,4003,04003,1.81
Coconino,AZ,4005,04005,0.25
Gila,AZ,4007,04007,0.77
Graham,AZ,4009,04009,6.42
Greenlee,AZ,4011,04011,0.19
La Paz,AZ,4012,04012,0.8
Maricopa,AZ,4013,04013,0.38
Mohave,AZ,4015,04015,1.44
Navajo,AZ,4017,04017,1.27
Pima,AZ,4019,04019,0.86
Pinal,AZ,4021,04021,5.09
Santa Cruz,AZ,4023,04023,0.14
Yavapai,AZ,4025,04025,0.19
Yuma,AZ,4027,04027,2.77
Arkansas,AR,5001,05001,0.54
Ashley,AR,5003,05003,0
Baxter,AR,5005,05005,0.2
Benton,AR,5007,05007,0.14
Boone,AR,5009,05009,0.25
Bradley,AR,5011,05011,0
Calhoun,AR,5013,05013,0.4
Carroll,AR,5015,05015,0.17
Chicot,AR,5017,05017,6.19
Clark,AR,5019,05019,0.13
Clay,AR,5021,05021,0.17
Cleburne,AR,5023,05023,0.08
Cleveland,AR,5025,05025,0
Columbia,AR,5027,05027,0.36
Conway,AR,5029,05029,0.13
Craighead,AR,5031,05031,0.19
Crawford,AR,5033,05033,0.25
Crittenden,AR,5035,05035,0.22
Cross,AR,5037,05037,0.16
Dallas,AR,5039,05039,1.31
Desha,AR,5041,05041,0
Drew,AR,5043,05043,0.15
Faulkner,AR,5045,05045,0.06
Franklin,AR,5047,05047,0.09
Fulton,AR,5049,05049,0.02
Garland,AR,5051,05051,0.24
Grant,AR,5053,05053,0.42
Greene,AR,5055,05055,0.54
Hempstead,AR,5057,05057,0.23
Hot Spring,AR,5059,05059,6.56
Howard,AR,5061,05061,0.04
Independence,AR,5063,05063,0.18
Izard,AR,5065,05065,6.09
Jackson,AR,5067,05067,12.78
Jefferson,AR,5069,05069,5.95
Johnson,AR,5071,05071,0.16
Lafayette,AR,5073,05073,0.22
Lawrence,AR,5075,05075,0
Lee,AR,5077,05077,18.09
Lincoln,AR,5079,05079,27.82
Little River,AR,5081,05081,0.17
Logan,AR,5083,05083,0.11
Lonoke,AR,5085,05085,0.27
Madison,AR,5087,05087,0
Marion,AR,5089,05089,0.13
Miller,AR,5091,05091,2.08
Mississippi,AR,5093,05093,1.28
Monroe,AR,5095,05095,0.21
Montgomery,AR,5097,05097,0.12
Nevada,AR,5099,05099,0.46
Newton,AR,5101,05101,0.06
Ouachita,AR,5103,05103,0.6
Perry,AR,5105,05105,0.08
Phillips,AR,5107,05107,0.16
Pike,AR,5109,05109,0.54
Poinsett,AR,5111,05111,0.09
Polk,AR,5113,05113,0.06
Pope,AR,5115,05115,0.23
Prairie,AR,5117,05117,0.53
Pulaski,AR,5119,05119,0.65
Randolph,AR,5121,05121,0.26
St. Francis,AR,5123,05123,14
Saline,AR,5125,05125,0.39
Scott,AR,5127,05127,0.34
Searcy,AR,5129,05129,0.18
Sebastian,AR,5131,05131,0.2
Sevier,AR,5133,05133,0.35
Sharp,AR,5135,05135,0.12
Stone,AR,5137,05137,0.24
Union,AR,5139,05139,0.4
Van Buren,AR,5141,05141,0.13
Washington,AR,5143,05143,0.27
White,AR,5145,05145,0
Woodruff,AR,5147,05147,0.35
Yell,AR,5149,05149,0
Alameda,CA,6001,06001,0.2
Alpine,CA,6003,06003,0.08
Amador,CA,6005,06005,9.99
Butte,CA,6007,06007,0.23
Calaveras,CA,6009,06009,0.38
Colusa,CA,6011,06011,0.31
Contra Costa,CA,6013,06013,0.1
Del Norte,CA,6015,06015,10.05
El Dorado,CA,6017,06017,0.23
Fresno,CA,6019,06019,0.68
Glenn,CA,6021,06021,0.49
Humboldt,CA,6023,06023,0.2
Imperial,CA,6025,06025,4.09
Inyo,CA,6027,06027,0.68
Kern,CA,6029,06029,2.47
Kings,CA,6031,06031,8.98
Lake,CA,6033,06033,0.43
Lassen,CA,6035,06035,26.52
Los Angeles,CA,6037,06037,0.19
Madera,CA,6039,06039,3.92
Marin,CA,6041,06041,1.58
Mariposa,CA,6043,06043,0.64
Mendocino,CA,6045,06045,0.42
Merced,CA,6047,06047,0.56
Modoc,CA,6049,06049,0.94
Mono,CA,6051,06051,0.14
Monterey,CA,6053,06053,1.51
Napa,CA,6055,06055,0.14
Nevada,CA,6057,06057,0.26
Orange,CA,6059,06059,0.18
Placer,CA,6061,06061,0.15
Plumas,CA,6063,06063,0.13
Riverside,CA,6065,06065,0.51
Sacramento,CA,6067,06067,0.61
San Benito,CA,6069,06069,0
San Bernardino,CA,6071,06071,0.75
San Diego,CA,6073,06073,0.38
San Francisco,CA,6075,06075,0.13
San Joaquin,CA,6077,06077,0.79
San Luis Obispo,CA,6079,06079,1.51
San Mateo,CA,6081,06081,0.19
Santa Barbara,CA,6083,06083,0.68
Santa Clara,CA,6085,06085,0.11
Santa Cruz,CA,6087,06087,0.15
Shasta,CA,6089,06089,0.22
Sierra,CA,6091,06091,0
Siskiyou,CA,6093,06093,0.18
Solano,CA,6095,06095,1.52
Sonoma,CA,6097,06097,0.17
Stanislaus,CA,6099,06099,0.07
Sutter,CA,6101,06101,0.16
Tehama,CA,6103,06103,0.44
Trinity,CA,6105,06105,0.66
Tulare,CA,6107,06107,0.26
Tuolumne,CA,6109,06109,5.11
Ventura,CA,6111,06111,0.07
Yolo,CA,6113,06113,0.1
Yuba,CA,6115,06115,0.45
Adams,CO,8001,08001,0.29
Alamosa,CO,8003,08003,0.83
Arapahoe,CO,8005,08005,0.17
Archuleta,CO,8007,08007,0.11
Baca,CO,8009,08009,0.03
Bent,CO,8011,08011,24.69
Boulder,CO,8013,08013,0.11
Broomfield,CO,8014,08014,0.12
Chaffee,CO,8015,08015,6.21
Cheyenne,CO,8017,08017,0
Clear Creek,CO,8019,08019,0.38
Conejos,CO,8021,08021,0.13
Costilla,CO,8023,08023,0.14
Crowley,CO,8025,08025,48.13
Custer,CO,8027,08027,0.23
Delta,CO,8029,08029,1.65
Denver,CO,8031,08031,0.45
Dolores,CO,8033,08033,0
Douglas,CO,8035,08035,0.08
Eagle,CO,8037,08037,0.06
Elbert,CO,8039,08039,0.1
El Paso,CO,8041,08041,0.21
Fremont,CO,8043,08043,15.33
Garfield,CO,8045,08045,0.42
Gilpin,CO,8047,08047,0.41
Grand,CO,8049,08049,0.06
Gunnison,CO,8051,08051,0.1
Hinsdale,CO,8053,08053,0
Huerfano,CO,8055,08055,0.15
Jackson,CO,8057,08057,0.15
Jefferson,CO,8059,08059,0.39
Kiowa,CO,8061,08061,0
Kit Carson,CO,8063,08063,0.18
Lake,CO,8065,08065,0
La Plata,CO,8067,08067,0.2
Larimer,CO,8069,08069,0.21
Las Animas,CO,8071,08071,3.59
Lincoln,CO,8073,08073,16.18
Logan,CO,8075,08075,11.32
Mesa,CO,8077,08077,0.37
Mineral,CO,8079,08079,0
Moffat,CO,8081,08081,0.36
Montezuma,CO,8083,08083,0.47
Montrose,CO,8085,08085,0.17
Morgan,CO,8087,08087,0.2
Otero,CO,8089,08089,0.04
Ouray,CO,8091,08091,0
Park,CO,8093,08093,0.11
Phillips,CO,8095,08095,0
Pitkin,CO,8097,08097,0.13
Prowers,CO,8099,08099,0.51
Pueblo,CO,8101,08101,0.65
Rio Blanco,CO,8103,08103,0.14
Rio Grande,CO,8105,08105,0.1
Routt,CO,8107,08107,0.1
Saguache,CO,8109,08109,0.28
San Juan,CO,8111,08111,0
San Miguel,CO,8113,08113,0.11
Sedgwick,CO,8115,08115,0
Summit,CO,8117,08117,0.06
Teller,CO,8119,08119,0.08
Washington,CO,8121,08121,2.64
Weld,CO,8123,08123,0.22
Yuma,CO,8125,08125,0.99
Fairfield,CT,9001,09001,0.26
Hartford,CT,9003,09003,0.56
Litchfield,CT,9005,09005,0.01
Middlesex,CT,9007,09007,0.02
New Haven,CT,9009,09009,0.26
New London,CT,9011,09011,0.75
Tolland,CT,9013,09013,0.87
Windham,CT,9015,09015,0.38
Kent,DE,10001,10001,0.06
New Castle,DE,10003,10003,0.59
Sussex,DE,10005,10005,0.55
District of Columbia,DC,11001,11001,0.33
Alachua,FL,12001,12001,0.43
Baker,FL,12003,12003,8.1
Bay,FL,12005,12005,1
Bradford,FL,12007,12007,14.17
Brevard,FL,12009,12009,0.17
Broward,FL,12011,12011,0.17
Calhoun,FL,12013,12013,11.44
Charlotte,FL,12015,12015,1
Citrus,FL,12017,12017,0.41
Clay,FL,12019,12019,0.2
Collier,FL,12021,12021,0.16
Columbia,FL,12023,12023,4
DeSoto,FL,12027,12027,7.31
Dixie,FL,12029,12029,10.88
Duval,FL,12031,12031,0.35
Escambia,FL,12033,12033,1.02
Flagler,FL,12035,12035,0.13
Franklin,FL,12037,12037,10.34
Gadsden,FL,12039,12039,2.26
Gilchrist,FL,12041,12041,4.58
Glades,FL,12043,12043,13.52
Gulf,FL,12045,12045,7.96
Hamilton,FL,12047,12047,16.59
Hardee,FL,12049,12049,6.6
Hendry,FL,12051,12051,0.55
Hernando,FL,12053,12053,0.56
Highlands,FL,12055,12055,0.36
Hillsborough,FL,12057,12057,0.2
Holmes,FL,12059,12059,8.24
Indian River,FL,12061,12061,0.31
Jackson,FL,12063,12063,11.59
Jefferson,FL,12065,12065,6.12
Lafayette,FL,12067,12067,17.09
Lake,FL,12069,12069,0.45
Lee,FL,12071,12071,0.2
Leon,FL,12073,12073,0.67
Levy,FL,12075,12075,0.31
Liberty,FL,12077,12077,22.39
Madison,FL,12079,12079,7.6
Manatee,FL,12081,12081,0.49
Marion,FL,12083,12083,1.77
Martin,FL,12085,12085,1.48
Miami-Dade,FL,12086,12086,0.43
Monroe,FL,12087,12087,0.35
Nassau,FL,12089,12089,0.28
Okaloosa,FL,12091,12091,0.81
Okeechobee,FL,12093,12093,5.57
Orange,FL,12095,12095,0.33
Osceola,FL,12097,12097,0.2
Palm Beach,FL,12099,12099,0.27
Pasco,FL,12101,12101,0.35
Pinellas,FL,12103,12103,0.3
Polk,FL,12105,12105,0.74
Putnam,FL,12107,12107,1.02
St. Johns,FL,12109,12109,0.16
St. Lucie,FL,12111,12111,0.36
Santa Rosa,FL,12113,12113,2.94
Sarasota,FL,12115,12115,0.19
Seminole,FL,12117,12117,0.16
Sumter,FL,12119,12119,6.25
Suwannee,FL,12121,12121,4.87
Taylor,FL,12123,12123,10.8
Union,FL,12125,12125,29.45
Volusia,FL,12127,12127,0.53
Wakulla,FL,12129,12129,9.67
Walton,FL,12131,12131,2.44
Washington,FL,12133,12133,8.24
Appling,GA,13001,13001,1.46
Atkinson,GA,13003,13003,0.17
Bacon,GA,13005,13005,1.67
Baker,GA,13007,13007,0
Baldwin,GA,13009,13009,5.64
Banks,GA,13011,13011,0
Barrow,GA,13013,13013,0.28
Bartow,GA,13015,13015,0.46
Ben Hill,GA,13017,13017,0.45
Berrien,GA,13019,13019,0.35
Bibb,GA,13021,13021,1.35
Bleckley,GA,13023,13023,1.65
Brantley,GA,13025,13025,0
Brooks,GA,13027,13027,0.15
Bryan,GA,13029,13029,0
Bulloch,GA,13031,13031,2.32
Burke,GA,13033,13033,0.41
Butts,GA,13035,13035,10.54
Calhoun,GA,13037,13037,27.6
Camden,GA,13039,13039,0
Candler,GA,13043,13043,0.12
Carroll,GA,13045,13045,0.45
Catoosa,GA,13047,13047,0.21
Charlton,GA,13049,13049,18.57
Chatham,GA,13051,13051,1.13
Chattahoochee,GA,13053,13053,0
Chattooga,GA,13055,13055,4.25
Cherokee,GA,13057,13057,0.18
Clarke,GA,13059,13059,0.15
Clay,GA,13061,13061,0
Clayton,GA,13063,13063,0.61
Clinch,GA,13065,13065,0
Cobb,GA,13067,13067,0.16
Coffee,GA,13069,13069,6.19
Colquitt,GA,13071,13071,0.7
Columbia,GA,13073,13073,0.15
Cook,GA,13075,13075,0.38
Coweta,GA,13077,13077,0.25
Crawford,GA,13079,13079,0.24
Crisp,GA,13081,13081,1.23
Dade,GA,13083,13083,0.27
Dawson,GA,13085,13085,0.31
Decatur,GA,13087,13087,2.05
DeKalb,GA,13089,13089,0.26
Dodge,GA,13091,13091,6.37
Dooly,GA,13093,13093,14.91
Dougherty,GA,13095,13095,0.55
Douglas,GA,13097,13097,0.33
Early,GA,13099,13099,0.39
Echols,GA,13101,13101,0
Effingham,GA,13103,13103,0.29
Elbert,GA,13105,13105,0.15
Emanuel,GA,13107,13107,3.7
Evans,GA,13109,13109,3.54
Fannin,GA,13111,13111,0.13
Fayette,GA,13113,13113,0.11
Floyd,GA,13115,13115,1.09
Forsyth,GA,13117,13117,0.14
Franklin,GA,13119,13119,0.4
Fulton,GA,13121,13121,0.7
Gilmer,GA,13123,13123,0.24
Glascock,GA,13125,13125,0
Glynn,GA,13127,13127,0.42
Gordon,GA,13129,13129,0.38
Grady,GA,13131,13131,0.31
Greene,GA,13133,13133,0
Gwinnett,GA,13135,13135,0.29
Habersham,GA,13137,13137,3.88
Hall,GA,13139,13139,0.32
Hancock,GA,13141,13141,13.2
Haralson,GA,13143,13143,0
Harris,GA,13145,13145,0.5
Hart,GA,13147,13147,1.8
Heard,GA,13149,13149,0.23
Henry,GA,13151,13151,0.13
Houston,GA,13153,13153,0.29
Irwin,GA,13155,13155,7.11
Jackson,GA,13157,13157,0.32
Jasper,GA,13159,13159,0.09
Jeff Davis,GA,13161,13161,0.3
Jefferson,GA,13163,13163,1.83
Jenkins,GA,13165,13165,12.13
Johnson,GA,13167,13167,16.7
Jones,GA,13169,13169,0.45
Lamar,GA,13171,13171,0.22
Lanier,GA,13173,13173,1.98
Laurens,GA,13175,13175,0.27
Lee,GA,13177,13177,2.3
Liberty,GA,13179,13179,0.28
Lincoln,GA,13181,13181,0.66
Long,GA,13183,13183,1.34
Lowndes,GA,13185,13185,1.37
Lumpkin,GA,13187,13187,0.13
McDuffie,GA,13189,13189,0.03
McIntosh,GA,13191,13191,0.4
Macon,GA,13193,13193,13.47
Madison,GA,13195,13195,0
Marion,GA,13197,13197,0.29
Meriwether,GA,13199,13199,0
Miller,GA,13201,13201,0.35
Mitchell,GA,13205,13205,6.85
Monroe,GA,13207,13207,3.57
Montgomery,GA,13209,13209,4.32
Morgan,GA,13211,13211,0.4
Murray,GA,13213,13213,0.33
Muscogee,GA,13215,13215,0.71
Newton,GA,13217,13217,0.21
Oconee,GA,13219,13219,0.05
Oglethorpe,GA,13221,13221,0.11
Paulding,GA,13223,13223,0.22
Peach,GA,13225,13225,0
Pickens,GA,13227,13227,0.17
Pierce,GA,13229,13229,0.13
Pike,GA,13231,13231,1.03
Polk,GA,13233,13233,0.31
Pulaski,GA,13235,13235,12.27
Putnam,GA,13237,13237,0.08
Quitman,GA,13239,13239,0
Rabun,GA,13241,13241,0.36
Randolph,GA,13243,13243,0
Richmond,GA,13245,13245,1.03
Rockdale,GA,13247,13247,0.24
Schley,GA,13249,13249,0
Screven,GA,13251,13251,0.91
Seminole,GA,13253,13253,0.19
Spalding,GA,13255,13255,0.58
Stephens,GA,13257,13257,0.5
Stewart,GA,13259,13259,28.21
Sumter,GA,13261,13261,1.34
Talbot,GA,13263,13263,0
Taliaferro,GA,13265,13265,0
Tattnall,GA,13267,13267,11.88
Taylor,GA,13269,13269,0.18
Telfair,GA,13271,13271,22.92
Terrell,GA,13273,13273,1.89
Thomas,GA,13275,13275,0
Tift,GA,13277,13277,0.45
Toombs,GA,13279,13279,0
Towns,GA,13281,13281,0.39
Treutlen,GA,13283,13283,4.34
Troup,GA,13285,13285,0.88
Turner,GA,13287,13287,0.69
Twiggs,GA,13289,13289,0
Union,GA,13291,13291,0.99
Upson,GA,13293,13293,0.26
Walker,GA,13295,13295,1.15
Walton,GA,13297,13297,0.29
Ware,GA,13299,13299,5.02
Warren,GA,13301,13301,0
Washington,GA,13303,13303,7.52
Wayne,GA,13305,13305,5.51
Webster,GA,13307,13307,0
Wheeler,GA,13309,13309,31.62
White,GA,13311,13311,0.18
Whitfield,GA,13313,13313,0.38
Wilcox,GA,13315,13315,19.63
Wilkes,GA,13317,13317,0.06
Wilkinson,GA,13319,13319,0.42
Worth,GA,13321,13321,0.33
Hawaii,HI,15001,15001,0.26
Honolulu,HI,15003,15003,0.27
Kalawao,HI,15005,15005,0
Kauai,HI,15007,15007,0.17
Maui,HI,15009,15009,0.22
Ada,ID,16001,16001,1.28
Adams,ID,16003,16003,0.55
Bannock,ID,16005,16005,0.64
Bear Lake,ID,16007,16007,0
Benewah,ID,16009,16009,0.08
Bingham,ID,16011,16011,0.29
Blaine,ID,16013,16013,0.23
Boise,ID,16015,16015,0
Bonner,ID,16017,16017,0.19
Bonneville,ID,16019,16019,0.41
Boundary,ID,16021,16021,0.08
Butte,ID,16023,16023,0.16
Camas,ID,16025,16025,0
Canyon,ID,16027,16027,0.19
Caribou,ID,16029,16029,0.67
Cassia,ID,16031,16031,0.52
Clark,ID,16033,16033,0.13
Clearwater,ID,16035,16035,6.66
Custer,ID,16037,16037,0.02
Elmore,ID,16039,16039,0.37
Franklin,ID,16041,16041,0
Fremont,ID,16043,16043,2.08
Gem,ID,16045,16045,0.19
Gooding,ID,16047,16047,0.12
Idaho,ID,16049,16049,2.48
Jefferson,ID,16051,16051,0.34
Jerome,ID,16053,16053,0.41
Kootenai,ID,16055,16055,0.17
Latah,ID,16057,16057,0.03
Lemhi,ID,16059,16059,0.03
Lewis,ID,16061,16061,0.11
Lincoln,ID,16063,16063,0
Madison,ID,16065,16065,0.14
Minidoka,ID,16067,16067,0
Nez Perce,ID,16069,16069,0.21
Oneida,ID,16071,16071,0
Owyhee,ID,16073,16073,0.24
Payette,ID,16075,16075,0.15
Power,ID,16077,16077,0.14
Shoshone,ID,16079,16079,0.16
Teton,ID,16081,16081,0
Twin Falls,ID,16083,16083,0.32
Valley,ID,16085,16085,0.5
Washington,ID,16087,16087,0.22
Adams,IL,17001,17001,0.12
Alexander,IL,17003,17003,0
Bond,IL,17005,17005,8.15
Boone,IL,17007,17007,0.09
Brown,IL,17009,17009,25.74
Bureau,IL,17011,17011,0.08
Calhoun,IL,17013,17013,0
Carroll,IL,17015,17015,6.91
Cass,IL,17017,17017,0
Champaign,IL,17019,17019,0.08
Christian,IL,17021,17021,7.63
Clark,IL,17023,17023,0.65
Clay,IL,17025,17025,0.06
Clinton,IL,17027,17027,3.51
Coles,IL,17029,17029,0.42
Cook,IL,17031,17031,0.11
Crawford,IL,17033,17033,5.72
Cumberland,IL,17035,17035,0.1
DeKalb,IL,17037,17037,0
De Witt,IL,17039,17039,0.12
Douglas,IL,17041,17041,0.09
DuPage,IL,17043,17043,0.07
Edgar,IL,17045,17045,0.11
Edwards,IL,17047,17047,0
Effingham,IL,17049,17049,0.08
Fayette,IL,17051,17051,10.24
Ford,IL,17053,17053,0.14
Franklin,IL,17055,17055,0.05
Fulton,IL,17057,17057,4.92
Gallatin,IL,17059,17059,0
Greene,IL,17061,17061,0.18
Grundy,IL,17063,17063,0.04
Hamilton,IL,17065,17065,0
Hancock,IL,17067,17067,0.03
Hardin,IL,17069,17069,0
Henderson,IL,17071,17071,0.02
Henry,IL,17073,17073,0.67
Iroquois,IL,17075,17075,0.07
Jackson,IL,17077,17077,0.46
Jasper,IL,17079,17079,0.03
Jefferson,IL,17081,17081,3.54
Jersey,IL,17083,17083,0.06
Jo Daviess,IL,17085,17085,0.08
Johnson,IL,17087,17087,17.94
Kane,IL,17089,17089,0.09
Kankakee,IL,17091,17091,0.31
Kendall,IL,17093,17093,0.1
Knox,IL,17095,17095,3.41
Lake,IL,17097,17097,0.09
LaSalle,IL,17099,17099,1.58
Lawrence,IL,17101,17101,13.06
Lee,IL,17103,17103,6.46
Livingston,IL,17105,17105,3.65
Logan,IL,17107,17107,9.12
McDonough,IL,17109,17109,0
McHenry,IL,17111,17111,0.09
McLean,IL,17113,17113,0.1
Macon,IL,17115,17115,0.68
Macoupin,IL,17117,17117,0.19
Madison,IL,17119,17119,0.08
Marion,IL,17121,17121,0.33
Marshall,IL,17123,17123,0.02
Mason,IL,17125,17125,0.17
Massac,IL,17127,17127,0
Menard,IL,17129,17129,0.06
Mercer,IL,17131,17131,0.22
Monroe,IL,17133,17133,0.03
Montgomery,IL,17135,17135,6.6
Morgan,IL,17137,17137,3.24
Moultrie,IL,17139,17139,0.32
Ogle,IL,17141,17141,0.04
Peoria,IL,17143,17143,0.29
Perry,IL,17145,17145,9.52
Piatt,IL,17147,17147,0
Pike,IL,17149,17149,0.85
Pope,IL,17151,17151,1.78
Pulaski,IL,17153,17153,2.54
Putnam,IL,17155,17155,0.2
Randolph,IL,17157,17157,7.3
Richland,IL,17159,17159,0.01
Rock Island,IL,17161,17161,0.88
St. Clair,IL,17163,17163,0.41
Saline,IL,17165,17165,0.33
Sangamon,IL,17167,17167,0.16
Schuyler,IL,17169,17169,0.23
Scott,IL,17171,17171,0
Shelby,IL,17173,17173,0.08
Stark,IL,17175,17175,0.13
Stephenson,IL,17177,17177,0.01
Tazewell,IL,17179,17179,0.98
Union,IL,17181,17181,0
Vermilion,IL,17183,17183,2.47
Wabash,IL,17185,17185,0
Warren,IL,17187,17187,0.05
Washington,IL,17189,17189,0.33
Wayne,IL,17191,17191,0
White,IL,17193,17193,0.25
Whiteside,IL,17195,17195,0.14
Will,IL,17197,17197,0.51
Williamson,IL,17199,17199,2.14
Winnebago,IL,17201,17201,0.2
Woodford,IL,17203,17203,0.13
Adams,IN,18001,18001,0.3
Allen,IN,18003,18003,0.19
Bartholomew,IN,18005,18005,0.25
Benton,IN,18007,18007,0.31
Blackford,IN,18009,18009,0.36
Boone,IN,18011,18011,0.21
Brown,IN,18013,18013,0.24
Carroll,IN,18015,18015,0
Cass,IN,18017,18017,0.49
Clark,IN,18019,18019,0.18
Clay,IN,18021,18021,0.59
Clinton,IN,18023,18023,0.35
Crawford,IN,18025,18025,0
Daviess,IN,18027,18027,0.33
Dearborn,IN,18029,18029,0.37
Decatur,IN,18031,18031,0.38
DeKalb,IN,18033,18033,0.17
Delaware,IN,18035,18035,0.21
Dubois,IN,18037,18037,0.27
Elkhart,IN,18039,18039,0.04
Fayette,IN,18041,18041,0.12
Floyd,IN,18043,18043,0.29
Fountain,IN,18045,18045,0
Franklin,IN,18047,18047,0
Fulton,IN,18049,18049,0.26
Gibson,IN,18051,18051,0.21
Grant,IN,18053,18053,0.43
Greene,IN,18055,18055,0.44
Hamilton,IN,18057,18057,0.08
Hancock,IN,18059,18059,0.28
Harrison,IN,18061,18061,0.23
Hendricks,IN,18063,18063,1.43
Henry,IN,18065,18065,6.54
Howard,IN,18067,18067,0.42
Huntington,IN,18069,18069,0.33
Jackson,IN,18071,18071,0.47
Jasper,IN,18073,18073,0.26
Jay,IN,18075,18075,0.34
Jefferson,IN,18077,18077,2.8
Jennings,IN,18079,18079,0.49
Johnson,IN,18081,18081,0.4
Knox,IN,18083,18083,0.71
Kosciusko,IN,18085,18085,0.07
LaGrange,IN,18087,18087,0
Lake,IN,18089,18089,0.16
LaPorte,IN,18091,18091,4.88
Lawrence,IN,18093,18093,0.3
Madison,IN,18095,18095,2.84
Marion,IN,18097,18097,0.17
Marshall,IN,18099,18099,0.38
Martin,IN,18101,18101,0.67
Miami,IN,18103,18103,8.77
Monroe,IN,18105,18105,0.14
Montgomery,IN,18107,18107,0
Morgan,IN,18109,18109,0.36
Newton,IN,18111,18111,0.27
Noble,IN,18113,18113,0.48
Ohio,IN,18115,18115,0
Orange,IN,18117,18117,0.4
Owen,IN,18119,18119,0.3
Parke,IN,18121,18121,6.18
Perry,IN,18123,18123,7.37
Pike,IN,18125,18125,0.24
Porter,IN,18127,18127,0.15
Posey,IN,18129,18129,0.36
Pulaski,IN,18131,18131,0.06
Putnam,IN,18133,18133,5.71
Randolph,IN,18135,18135,0.18
Ripley,IN,18137,18137,0.41
Rush,IN,18139,18139,0.05
St. Joseph,IN,18141,18141,0.24
Scott,IN,18143,18143,0.49
Shelby,IN,18145,18145,0.35
Spencer,IN,18147,18147,0.24
Starke,IN,18149,18149,0
Steuben,IN,18151,18151,0.19
Sullivan,IN,18153,18153,9.91
Switzerland,IN,18155,18155,0.55
Tippecanoe,IN,18157,18157,0.25
Tipton,IN,18159,18159,0.16
Union,IN,18161,18161,0.07
Vanderburgh,IN,18163,18163,0.31
Vermillion,IN,18165,18165,0.24
Vigo,IN,18167,18167,2.75
Wabash,IN,18169,18169,0.3
Warren,IN,18171,18171,0.32
Warrick,IN,18173,18173,0.12
Washington,IN,18175,18175,0.49
Wayne,IN,18177,18177,0.41
Wells,IN,18179,18179,0.25
White,IN,18181,18181,0.13
Whitley,IN,18183,18183,0.47
Adair,IA,19001,19001,0
Adams,IA,19003,19003,0
Allamakee,IA,19005,19005,0.03
Appanoose,IA,19007,19007,0.04
Audubon,IA,19009,19009,0.09
Benton,IA,19011,19011,0.05
Black Hawk,IA,19013,19013,0.23
Boone,IA,19015,19015,0.12
Bremer,IA,19017,19017,0.26
Buchanan,IA,19019,19019,0.11
Buena Vista,IA,19021,19021,0.1
Butler,IA,19023,19023,0.01
Calhoun,IA,19025,19025,4.82
Carroll,IA,19027,19027,0
Cass,IA,19029,19029,0
Cedar,IA,19031,19031,0.03
Cerro Gordo,IA,19033,19033,0.2
Cherokee,IA,19035,19035,0.09
Chickasaw,IA,19037,19037,0.01
Clarke,IA,19039,19039,0.08
Clay,IA,19041,19041,0.08
Clayton,IA,19043,19043,0.05
Clinton,IA,19045,19045,0.05
Crawford,IA,19047,19047,0.08
Dallas,IA,19049,19049,0.03
Davis,IA,19051,19051,0
Decatur,IA,19053,19053,0.03
Delaware,IA,19055,19055,0
Des Moines,IA,19057,19057,0.19
Dickinson,IA,19059,19059,0.03
Dubuque,IA,19061,19061,0.2
Emmet,IA,19063,19063,0.05
Fayette,IA,19065,19065,0.44
Floyd,IA,19067,19067,0
Franklin,IA,19069,19069,0
Fremont,IA,19071,19071,0.23
Greene,IA,19073,19073,0.13
Grundy,IA,19075,19075,0
Guthrie,IA,19077,19077,0.1
Hamilton,IA,19079,19079,0.1
Hancock,IA,19081,19081,0
Hardin,IA,19083,19083,0.29
Harrison,IA,19085,19085,0.01
Henry,IA,19087,19087,5.1
Howard,IA,19089,19089,0.01
Humboldt,IA,19091,19091,0.03
Ida,IA,19093,19093,0.04
Iowa,IA,19095,19095,0.1
Jackson,IA,19097,19097,0.05
Jasper,IA,19099,19099,3.7
Jefferson,IA,19101,19101,0
Johnson,IA,19103,19103,0.57
Jones,IA,19105,19105,4.81
Keokuk,IA,19107,19107,0.05
Kossuth,IA,19109,19109,0.07
Lee,IA,19111,19111,2.02
Linn,IA,19113,19113,0.17
Louisa,IA,19115,19115,0.11
Lucas,IA,19117,19117,0
Lyon,IA,19119,19119,0.15
Madison,IA,19121,19121,0.14
Mahaska,IA,19123,19123,0.02
Marion,IA,19125,19125,0.06
Marshall,IA,19127,19127,0.35
Mills,IA,19129,19129,0
Mitchell,IA,19131,19131,0
Monona,IA,19133,19133,0.11
Monroe,IA,19135,19135,0.21
Montgomery,IA,19137,19137,0.14
Muscatine,IA,19139,19139,0.45
O'Brien,IA,19141,19141,0.32
Osceola,IA,19143,19143,0
Page,IA,19145,19145,6.55
Palo Alto,IA,19147,19147,0.11
Plymouth,IA,19149,19149,0.04
Pocahontas,IA,19151,19151,0.1
Polk,IA,19153,19153,0.37
Pottawattamie,IA,19155,19155,0.31
Poweshiek,IA,19157,19157,0.07
Ringgold,IA,19159,19159,0.04
Sac,IA,19161,19161,0.01
Scott,IA,19163,19163,0.19
Shelby,IA,19165,19165,0.04
Sioux,IA,19167,19167,0.05
Story,IA,19169,19169,0.04
Tama,IA,19171,19171,0.23
Taylor,IA,19173,19173,0.15
Union,IA,19175,19175,0.1
Van Buren,IA,19177,19177,0.12
Wapello,IA,19179,19179,0.36
Warren,IA,19181,19181,0
Washington,IA,19183,19183,0.08
Wayne,IA,19185,19185,0.17
Webster,IA,19187,19187,3.66
Winnebago,IA,19189,19189,0.14
Winneshiek,IA,19191,19191,0
Woodbury,IA,19193,19193,0.34
Worth,IA,19195,19195,0.01
Wright,IA,19197,19197,0.05
Allen,KS,20001,20001,0.22
Anderson,KS,20003,20003,0.19
Atchison,KS,20005,20005,0.24
Barber,KS,20007,20007,0
Barton,KS,20009,20009,0.27
Bourbon,KS,20011,20011,0.24
Brown,KS,20013,20013,0
Butler,KS,20015,20015,2.45
Chase,KS,20017,20017,5.56
Chautauqua,KS,20019,20019,0
Cherokee,KS,20021,20021,0
Cheyenne,KS,20023,20023,0
Clark,KS,20025,20025,0
Clay,KS,20027,20027,0.83
Cloud,KS,20029,20029,0.83
Coffey,KS,20031,20031,0.02
Comanche,KS,20033,20033,0
Cowley,KS,20035,20035,1.95
Crawford,KS,20037,20037,0.07
Decatur,KS,20039,20039,0.22
Dickinson,KS,20041,20041,0.1
Doniphan,KS,20043,20043,0.24
Douglas,KS,20045,20045,0.12
Edwards,KS,20047,20047,0
Elk,KS,20049,20049,0.04
Ellis,KS,20051,20051,0.11
Ellsworth,KS,20053,20053,13.83
Finney,KS,20055,20055,0.2
Ford,KS,20057,20057,0.28
Franklin,KS,20059,20059,0.17
Geary,KS,20061,20061,0.22
Gove,KS,20063,20063,0
Graham,KS,20065,20065,0
Grant,KS,20067,20067,0.26
Gray,KS,20069,20069,0
Greeley,KS,20071,20071,0
Greenwood,KS,20073,20073,0.43
Hamilton,KS,20075,20075,0
Harper,KS,20077,20077,0.22
Harvey,KS,20079,20079,0.26
Haskell,KS,20081,20081,0.19
Hodgeman,KS,20083,20083,0
Jackson,KS,20085,20085,0.46
Jefferson,KS,20087,20087,0.19
Jewell,KS,20089,20089,0.17
Johnson,KS,20091,20091,0.14
Kearny,KS,20093,20093,0.13
Kingman,KS,20095,20095,0.13
Kiowa,KS,20097,20097,0
Labette,KS,20099,20099,0.15
Lane,KS,20101,20101,0
Leavenworth,KS,20103,20103,6.12
Lincoln,KS,20105,20105,0.24
Linn,KS,20107,20107,0
Logan,KS,20109,20109,0
Lyon,KS,20111,20111,0.26
McPherson,KS,20113,20113,0
Marion,KS,20115,20115,0
Marshall,KS,20117,20117,0.09
Meade,KS,20119,20119,0.89
Miami,KS,20121,20121,0
Mitchell,KS,20123,20123,0
Montgomery,KS,20125,20125,0.14
Morris,KS,20127,20127,0.13
Morton,KS,20129,20129,0.56
Nemaha,KS,20131,20131,0.09
Neosho,KS,20133,20133,0.21
Ness,KS,20135,20135,0.74
Norton,KS,20137,20137,15.79
Osage,KS,20139,20139,0
Osborne,KS,20141,20141,0.23
Ottawa,KS,20143,20143,0.99
Pawnee,KS,20145,20145,9.98
Phillips,KS,20147,20147,0.06
Pottawatomie,KS,20149,20149,0.09
Pratt,KS,20151,20151,0.09
Rawlins,KS,20153,20153,0
Reno,KS,20155,20155,2.69
Republic,KS,20157,20157,0
Rice,KS,20159,20159,0.2
Riley,KS,20161,20161,0.09
Rooks,KS,20163,20163,2.76
Rush,KS,20165,20165,0
Russell,KS,20167,20167,0.39
Saline,KS,20169,20169,0.51
Scott,KS,20171,20171,0.27
Sedgwick,KS,20173,20173,0.31
Seward,KS,20175,20175,0.25
Shawnee,KS,20177,20177,0.74
Sheridan,KS,20179,20179,0
Sherman,KS,20181,20181,0
Smith,KS,20183,20183,0.11
Stafford,KS,20185,20185,0
Stanton,KS,20187,20187,0.43
Stevens,KS,20189,20189,0.02
Sumner,KS,20191,20191,0.29
Thomas,KS,20193,20193,0.23
Trego,KS,20195,20195,0
Wabaunsee,KS,20197,20197,0
Wallace,KS,20199,20199,0
Washington,KS,20201,20201,0
Wichita,KS,20203,20203,0
Wilson,KS,20205,20205,0.38
Woodson,KS,20207,20207,0.29
Wyandotte,KS,20209,20209,0.34
Adair,KY,21001,21001,0.36
Allen,KY,21003,21003,0.18
Anderson,KY,21005,21005,0
Ballard,KY,21007,21007,0.88
Barren,KY,21009,21009,0.36
Bath,KY,21011,21011,0
Bell,KY,21013,21013,1.6
Boone,KY,21015,21015,0.35
Bourbon,KY,21017,21017,0.02
Boyd,KY,21019,21019,3.01
Boyle,KY,21021,21021,4.61
Bracken,KY,21023,21023,0
Breathitt,KY,21025,21025,0
Breckinridge,KY,21027,21027,1.01
Bullitt,KY,21029,21029,0
Butler,KY,21031,21031,0.28
Caldwell,KY,21033,21033,0.27
Calloway,KY,21035,21035,0.37
Campbell,KY,21037,21037,0.58
Carlisle,KY,21039,21039,0
Carroll,KY,21041,21041,1.05
Carter,KY,21043,21043,0.62
Casey,KY,21045,21045,1.84
Christian,KY,21047,21047,0.72
Clark,KY,21049,21049,0.58
Clay,KY,21051,21051,6.49
Clinton,KY,21053,21053,0.37
Crittenden,KY,21055,21055,2.1
Cumberland,KY,21057,21057,0
Daviess,KY,21059,21059,0.74
Edmonson,KY,21061,21061,0
Elliott,KY,21063,21063,14.16
Estill,KY,21065,21065,0
Fayette,KY,21067,21067,0.75
Fleming,KY,21069,21069,0
Floyd,KY,21071,21071,0.11
Franklin,KY,21073,21073,0.41
Fulton,KY,21075,21075,7.23
Gallatin,KY,21077,21077,0
Garrard,KY,21079,21079,0
Grant,KY,21081,21081,0.83
Graves,KY,21083,21083,0.29
Grayson,KY,21085,21085,2.21
Green,KY,21087,21087,0
Greenup,KY,21089,21089,0.33
Hancock,KY,21091,21091,0
Hardin,KY,21093,21093,0.52
Harlan,KY,21095,21095,0.79
Harrison,KY,21097,21097,0
Hart,KY,21099,21099,0.72
Henderson,KY,21101,21101,1.34
Henry,KY,21103,21103,0
Hickman,KY,21105,21105,0
Hopkins,KY,21107,21107,0.77
Jackson,KY,21109,21109,0.13
Jefferson,KY,21111,21111,0.27
Jessamine,KY,21113,21113,0.2
Johnson,KY,21115,21115,0.7
Kenton,KY,21117,21117,0.01
Knott,KY,21119,21119,0
Knox,KY,21121,21121,1.07
Larue,KY,21123,21123,0.79
Laurel,KY,21125,21125,1.03
Lawrence,KY,21127,21127,0
Lee,KY,21129,21129,13.62
Leslie,KY,21131,21131,2.23
Letcher,KY,21133,21133,0.45
Lewis,KY,21135,21135,0.38
Lincoln,KY,21137,21137,0.39
Livingston,KY,21139,21139,0
Logan,KY,21141,21141,0.5
Lyon,KY,21143,21143,17.1
McCracken,KY,21145,21145,0.85
McCreary,KY,21147,21147,8.56
McLean,KY,21149,21149,0
Madison,KY,21151,21151,0.34
Magoffin,KY,21153,21153,0
Marion,KY,21155,21155,1.35
Marshall,KY,21157,21157,0.68
Martin,KY,21159,21159,11.7
Mason,KY,21161,21161,0.71
Meade,KY,21163,21163,0.51
Menifee,KY,21165,21165,0
Mercer,KY,21167,21167,0
Metcalfe,KY,21169,21169,0
Monroe,KY,21171,21171,0
Montgomery,KY,21173,21173,0.58
Morgan,KY,21175,21175,12.57
Muhlenberg,KY,21177,21177,3.82
Nelson,KY,21179,21179,0.26
Nicholas,KY,21181,21181,0
Ohio,KY,21183,21183,0.1
Oldham,KY,21185,21185,5.28
Owen,KY,21187,21187,0
Owsley,KY,21189,21189,0
Pendleton,KY,21191,21191,0
Perry,KY,21193,21193,0.67
Pike,KY,21195,21195,0.71
Powell,KY,21197,21197,1.67
Pulaski,KY,21199,21199,0.61
Robertson,KY,21201,21201,0
Rockcastle,KY,21203,21203,0.49
Rowan,KY,21205,21205,1.14
Russell,KY,21207,21207,0.58
Scott,KY,21209,21209,0.16
Shelby,KY,21211,21211,1.86
Simpson,KY,21213,21213,2.17
Spencer,KY,21215,21215,0
Taylor,KY,21217,21217,0.75
Todd,KY,21219,21219,0.64
Trigg,KY,21221,21221,0
Trimble,KY,21223,21223,0
Union,KY,21225,21225,0.39
Warren,KY,21227,21227,0.4
Washington,KY,21229,21229,0
Wayne,KY,21231,21231,0.91
Webster,KY,21233,21233,1.97
Whitley,KY,21235,21235,0.75
Wolfe,KY,21237,21237,0
Woodford,KY,21239,21239,0.41
Acadia,LA,22001,22001,0.09
Allen,LA,22003,22003,12.07
Ascension,LA,22005,22005,0.25
Assumption,LA,22007,22007,0.4
Avoyelles,LA,22009,22009,5.29
Beauregard,LA,22011,22011,2.47
Bienville,LA,22013,22013,0.27
Bossier,LA,22015,22015,0.76
Caddo,LA,22017,22017,0.51
Calcasieu,LA,22019,22019,0.47
Caldwell,LA,22021,22021,6.08
Cameron,LA,22023,22023,0.43
Catahoula,LA,22025,22025,5.54
Claiborne,LA,22027,22027,11.54
Concordia,LA,22029,22029,3.99
De Soto,LA,22031,22031,0.33
East Baton Rouge,LA,22033,22033,0.44
East Carroll,LA,22035,22035,21.38
East Feliciana,LA,22037,22037,8.96
Evangeline,LA,22039,22039,2.99
Franklin,LA,22041,22041,0
Grant,LA,22043,22043,12.53
Iberia,LA,22045,22045,0.53
Iberville,LA,22047,22047,7.36
Jackson,LA,22049,22049,3.32
Jefferson,LA,22051,22051,0.21
Jefferson Davis,LA,22053,22053,0.76
Lafayette,LA,22055,22055,0.55
Lafourche,LA,22057,22057,0.56
LaSalle,LA,22059,22059,12.3
Lincoln,LA,22061,22061,0.5
Livingston,LA,22063,22063,0.38
Madison,LA,22065,22065,5.99
Morehouse,LA,22067,22067,3.37
Natchitoches,LA,22069,22069,1.64
Orleans,LA,22071,22071,0.45
Ouachita,LA,22073,22073,1.56
Plaquemines,LA,22075,22075,2.13
Pointe Coupee,LA,22077,22077,0
Rapides,LA,22079,22079,0.58
Red River,LA,22081,22081,0.49
Richland,LA,22083,22083,3.25
Sabine,LA,22085,22085,0.54
St. Bernard,LA,22087,22087,0.35
St. Charles,LA,22089,22089,0.82
St. Helena,LA,22091,22091,0.33
St. James,LA,22093,22093,0.22
St. John the Baptist,LA,22095,22095,0.36
St. Landry,LA,22097,22097,0.37
St. Martin,LA,22099,22099,0.06
St. Mary,LA,22101,22101,0.57
St. Tammany,LA,22103,22103,0.12
Tangipahoa,LA,22105,22105,0.68
Tensas,LA,22107,22107,0
Terrebonne,LA,22109,22109,0.46
Union,LA,22111,22111,0.71
Vermilion,LA,22113,22113,0
Vernon,LA,22115,22115,0.21
Washington,LA,22117,22117,3.2
Webster,LA,22119,22119,0
West Baton Rouge,LA,22121,22121,1.9
West Carroll,LA,22123,22123,0
West Feliciana,LA,22125,22125,34.51
Winn,LA,22127,22127,9.61
Androscoggin,ME,23001,23001,0.12
Aroostook,ME,23003,23003,0.13
Cumberland,ME,23005,23005,0.25
Franklin,ME,23007,23007,0.07
Hancock,ME,23009,23009,0.07
Kennebec,ME,23011,23011,0.13
Knox,ME,23013,23013,2.5
Lincoln,ME,23015,23015,0.2
Oxford,ME,23017,23017,0
Penobscot,ME,23019,23019,0.37
Piscataquis,ME,23021,23021,0.09
Sagadahoc,ME,23023,23023,0
Somerset,ME,23025,23025,0.42
Waldo,ME,23027,23027,0.08
Washington,ME,23029,23029,0.38
York,ME,23031,23031,0.06
Allegany,MD,24001,24001,6.3
Anne Arundel,MD,24003,24003,0.84
Baltimore,MD,24005,24005,0.12
Calvert,MD,24009,24009,0.14
Caroline,MD,24011,24011,0.14
Carroll,MD,24013,24013,0.3
Cecil,MD,24015,24015,0.25
Charles,MD,24017,24017,0.15
Dorchester,MD,24019,24019,0.29
Frederick,MD,24021,24021,0.1
Garrett,MD,24023,24023,0.15
Harford,MD,24025,24025,0.12
Howard,MD,24027,24027,0.34
Kent,MD,24029,24029,0.14
Montgomery,MD,24031,24031,0.06
Prince George's,MD,24033,24033,0.07
Queen Anne's,MD,24035,24035,0.35
St. Mary's,MD,24037,24037,0.15
Somerset,MD,24039,24039,13.38
Talbot,MD,24041,24041,0.11
Washington,MD,24043,24043,3.65
Wicomico,MD,24045,24045,0.24
Worcester,MD,24047,24047,0.42
Baltimore,MD,24510,24510,0.44
Barnstable,MA,25001,25001,0.09
Berkshire,MA,25003,25003,0.15
Bristol,MA,25005,25005,0.15
Dukes,MA,25007,25007,0.07
Essex,MA,25009,25009,0.26
Franklin,MA,25011,25011,0.45
Hampden,MA,25013,25013,0.22
Hampshire,MA,25015,25015,0.09
Middlesex,MA,25017,25017,0.19
Nantucket,MA,25019,25019,0
Norfolk,MA,25021,25021,0.33
Plymouth,MA,25023,25023,0.5
Suffolk,MA,25025,25025,0.11
Worcester,MA,25027,25027,0.46
Alcona,MI,26001,26001,0.07
Alger,MI,26003,26003,10.17
Allegan,MI,26005,26005,0.14
Alpena,MI,26007,26007,0.06
Antrim,MI,26009,26009,0.15
Arenac,MI,26011,26011,0.06
Baraga,MI,26013,26013,9.88
Barry,MI,26015,26015,0.06
Bay,MI,26017,26017,0.11
Benzie,MI,26019,26019,0.04
Berrien,MI,26021,26021,0
Branch,MI,26023,26023,3.17
Calhoun,MI,26025,26025,0.27
Cass,MI,26027,26027,0.09
Charlevoix,MI,26029,26029,0.03
Cheboygan,MI,26031,26031,0.16
Chippewa,MI,26033,26033,10.74
Clare,MI,26035,26035,0.39
Clinton,MI,26037,26037,0.07
Crawford,MI,26039,26039,0.28
Delta,MI,26041,26041,0.11
Dickinson,MI,26043,26043,0.15
Eaton,MI,26045,26045,0.16
Emmet,MI,26047,26047,0.11
Genesee,MI,26049,26049,0.12
Gladwin,MI,26051,26051,0.1
Gogebic,MI,26053,26053,0.13
Grand Traverse,MI,26055,26055,0.13
Gratiot,MI,26057,26057,8.81
Hillsdale,MI,26059,26059,0.1
Houghton,MI,26061,26061,0.09
Huron,MI,26063,26063,0.13
Ingham,MI,26065,26065,0.08
Ionia,MI,26067,26067,10.17
Iosco,MI,26069,26069,0.03
Iron,MI,26071,26071,0.17
Isabella,MI,26073,26073,0.2
Jackson,MI,26075,26075,3.97
Kalamazoo,MI,26077,26077,0.01
Kalkaska,MI,26079,26079,0.17
Kent,MI,26081,26081,0.12
Keweenaw,MI,26083,26083,0
Lake,MI,26085,26085,9.3
Lapeer,MI,26087,26087,1.13
Leelanau,MI,26089,26089,0.04
Lenawee,MI,26091,26091,2.29
Livingston,MI,26093,26093,0.28
Luce,MI,26095,26095,0
Mackinac,MI,26097,26097,0.11
Macomb,MI,26099,26099,0.21
Manistee,MI,26101,26101,4.17
Marquette,MI,26103,26103,1.44
Mason,MI,26105,26105,0.08
Mecosta,MI,26107,26107,0.11
Menominee,MI,26109,26109,0.21
Midland,MI,26111,26111,0.17
Missaukee,MI,26113,26113,0
Monroe,MI,26115,26115,0.28
Montcalm,MI,26117,26117,7.61
Montmorency,MI,26119,26119,0.07
Muskegon,MI,26121,26121,2.27
Newaygo,MI,26123,26123,0.56
Oakland,MI,26125,26125,0.08
Oceana,MI,26127,26127,0.11
Ogemaw,MI,26129,26129,0.33
Ontonagon,MI,26131,26131,0
Osceola,MI,26133,26133,0.21
Oscoda,MI,26135,26135,0
Otsego,MI,26137,26137,0.14
Ottawa,MI,26139,26139,0
Presque Isle,MI,26141,26141,0.15
Roscommon,MI,26143,26143,0.16
Saginaw,MI,26145,26145,0.77
St. Clair,MI,26147,26147,0.18
St. Joseph,MI,26149,26149,0.07
Sanilac,MI,26151,26151,0.27
Schoolcraft,MI,26153,26153,0.25
Shiawassee,MI,26155,26155,0.12
Tuscola,MI,26157,26157,0.11
Van Buren,MI,26159,26159,0
Washtenaw,MI,26161,26161,1.06
Wayne,MI,26163,26163,0.06
Wexford,MI,26165,26165,0.3
Aitkin,MN,27001,27001,0.19
Anoka,MN,27003,27003,0.39
Becker,MN,27005,27005,0.16
Beltrami,MN,27007,27007,0.35
Benton,MN,27009,27009,0.07
Big Stone,MN,27011,27011,0
Blue Earth,MN,27013,27013,0.12
Brown,MN,27015,27015,0.07
Carlton,MN,27017,27017,2.89
Carver,MN,27019,27019,0.04
Cass,MN,27021,27021,0
Chippewa,MN,27023,27023,0.02
Chisago,MN,27025,27025,1.82
Clay,MN,27027,27027,0.12
Clearwater,MN,27029,27029,0.2
Cook,MN,27031,27031,0
Cottonwood,MN,27033,27033,0.11
Crow Wing,MN,27035,27035,0.16
Dakota,MN,27037,27037,0.03
Dodge,MN,27039,27039,0
Douglas,MN,27041,27041,0.1
Faribault,MN,27043,27043,0.07
Fillmore,MN,27045,27045,0.04
Freeborn,MN,27047,27047,0.34
Goodhue,MN,27049,27049,0.18
Grant,MN,27051,27051,0
Hennepin,MN,27053,27053,0.08
Houston,MN,27055,27055,0.06
Hubbard,MN,27057,27057,0.15
Isanti,MN,27059,27059,0.09
Itasca,MN,27061,27061,0.31
Jackson,MN,27063,27063,0
Kanabec,MN,27065,27065,0.14
Kandiyohi,MN,27067,27067,0.16
Kittson,MN,27069,27069,0
Koochiching,MN,27071,27071,0.07
Lac qui Parle,MN,27073,27073,0.03
Lake,MN,27075,27075,0.01
Lake of the Woods,MN,27077,27077,0.16
Le Sueur,MN,27079,27079,0.01
Lincoln,MN,27081,27081,0.25
Lyon,MN,27083,27083,0.12
McLeod,MN,27085,27085,0.02
Mahnomen,MN,27087,27087,0
Marshall,MN,27089,27089,0.1
Martin,MN,27091,27091,0.06
Meeker,MN,27093,27093,0.14
Mille Lacs,MN,27095,27095,0.13
Morrison,MN,27097,27097,0.04
Mower,MN,27099,27099,0.12
Murray,MN,27101,27101,0
Nicollet,MN,27103,27103,0.03
Nobles,MN,27105,27105,0.15
Norman,MN,27107,27107,0
Olmsted,MN,27109,27109,0.45
Otter Tail,MN,27111,27111,0.07
Pennington,MN,27113,27113,0.21
Pine,MN,27115,27115,4.52
Pipestone,MN,27117,27117,0
Polk,MN,27119,27119,0.43
Pope,MN,27121,27121,0
Ramsey,MN,27123,27123,0.07
Red Lake,MN,27125,27125,0
Redwood,MN,27127,27127,0.1
Renville,MN,27129,27129,0.18
Rice,MN,27131,27131,2.98
Rock,MN,27133,27133,0
Roseau,MN,27135,27135,0.08
St. Louis,MN,27137,27137,0.33
Scott,MN,27139,27139,0.41
Sherburne,MN,27141,27141,1.67
Sibley,MN,27143,27143,0
Stearns,MN,27145,27145,0.06
Steele,MN,27147,27147,0.18
Stevens,MN,27149,27149,0
Swift,MN,27151,27151,0.01
Todd,MN,27153,27153,0.04
Traverse,MN,27155,27155,0.42
Wabasha,MN,27157,27157,0.05
Wadena,MN,27159,27159,0.03
Waseca,MN,27161,27161,3.58
Washington,MN,27163,27163,0.73
Watonwan,MN,27165,27165,0.2
Wilkin,MN,27167,27167,0.05
Winona,MN,27169,27169,0.02
Wright,MN,27171,27171,0.05
Yellow Medicine,MN,27173,27173,0.1
Adams,MS,28001,28001,3.42
Alcorn,MS,28003,28003,1.04
Amite,MS,28005,28005,0.09
Attala,MS,28007,28007,0
Benton,MS,28009,28009,0.1
Bolivar,MS,28011,28011,1.87
Calhoun,MS,28013,28013,0.2
Carroll,MS,28015,28015,5.43
Chickasaw,MS,28017,28017,2.01
Choctaw,MS,28019,28019,0.13
Claiborne,MS,28021,28021,0
Clarke,MS,28023,28023,0
Clay,MS,28025,28025,0.39
Coahoma,MS,28027,28027,0.2
Copiah,MS,28029,28029,0.15
Covington,MS,28031,28031,0
DeSoto,MS,28033,28033,0.22
Forrest,MS,28035,28035,0.35
Franklin,MS,28037,28037,0.05
George,MS,28039,28039,1.4
Greene,MS,28041,28041,19.33
Grenada,MS,28043,28043,0.49
Hancock,MS,28045,28045,0
Harrison,MS,28047,28047,0.37
Hinds,MS,28049,28049,0.3
Holmes,MS,28051,28051,1.98
Humphreys,MS,28053,28053,0.27
Issaquena,MS,28055,28055,36.85
Itawamba,MS,28057,28057,0.09
Jackson,MS,28059,28059,0.25
Jasper,MS,28061,28061,0.09
Jefferson,MS,28063,28063,4.02
Jefferson Davis,MS,28065,28065,0.22
Jones,MS,28067,28067,0.23
Kemper,MS,28069,28069,3.88
Lafayette,MS,28071,28071,0.23
Lamar,MS,28073,28073,0.14
Lauderdale,MS,28075,28075,1.9
Lawrence,MS,28077,28077,0
Leake,MS,28079,28079,1.37
Lee,MS,28081,28081,0.23
Leflore,MS,28083,28083,0.51
Lincoln,MS,28085,28085,0.15
Lowndes,MS,28087,28087,0.28
Madison,MS,28089,28089,0.24
Marion,MS,28091,28091,1.58
Marshall,MS,28093,28093,3.16
Monroe,MS,28095,28095,0.23
Montgomery,MS,28097,28097,0
Neshoba,MS,28099,28099,0.41
Newton,MS,28101,28101,0.18
Noxubee,MS,28103,28103,0.57
Oktibbeha,MS,28105,28105,0.2
Panola,MS,28107,28107,0.2
Pearl River,MS,28109,28109,0.01
Perry,MS,28111,28111,0
Pike,MS,28113,28113,0.22
Pontotoc,MS,28115,28115,0.18
Prentiss,MS,28117,28117,0.34
Quitman,MS,28119,28119,1.07
Rankin,MS,28121,28121,2.6
Scott,MS,28123,28123,0
Sharkey,MS,28125,28125,0
Simpson,MS,28127,28127,0.27
Smith,MS,28129,28129,0.2
Stone,MS,28131,28131,1.94
Sunflower,MS,28133,28133,12.62
Tallahatchie,MS,28135,28135,12.17
Tate,MS,28137,28137,0.18
Tippah,MS,28139,28139,0
Tishomingo,MS,28141,28141,0.29
Tunica,MS,28143,28143,0.41
Union,MS,28145,28145,0.18
Walthall,MS,28147,28147,0.25
Warren,MS,28149,28149,0.19
Washington,MS,28151,28151,0.82
Wayne,MS,28153,28153,0
Webster,MS,28155,28155,0
Wilkinson,MS,28157,28157,10.19
Winston,MS,28159,28159,1.5
Yalobusha,MS,28161,28161,0.97
Yazoo,MS,28163,28163,15.66
Adair,MO,29001,29001,0.2
Andrew,MO,29003,29003,0
Atchison,MO,29005,29005,0.17
Audrain,MO,29007,29007,4.98
Barry,MO,29009,29009,0.13
Barton,MO,29011,29011,0.09
Bates,MO,29013,29013,0.99
Benton,MO,29015,29015,0.08
Bollinger,MO,29017,29017,0.23
Boone,MO,29019,29019,0.12
Buchanan,MO,29021,29021,2.1
Butler,MO,29023,29023,0.07
Caldwell,MO,29025,29025,1.26
Callaway,MO,29027,29027,3.32
Camden,MO,29029,29029,0.01
Cape Girardeau,MO,29031,29031,0.35
Carroll,MO,29033,29033,0
Carter,MO,29035,29035,0
Cass,MO,29037,29037,0.09
Cedar,MO,29039,29039,0
Chariton,MO,29041,29041,0.3
Christian,MO,29043,29043,0.1
Clark,MO,29045,29045,0.24
Clay,MO,29047,29047,0.09
Clinton,MO,29049,29049,0
Cole,MO,29051,29051,4.41
Cooper,MO,29053,29053,5.05
Crawford,MO,29055,29055,0.39
Dade,MO,29057,29057,0.07
Dallas,MO,29059,29059,0.2
Daviess,MO,29061,29061,0.83
DeKalb,MO,29063,29063,15.62
Dent,MO,29065,29065,0.08
Douglas,MO,29067,29067,0.22
Dunklin,MO,29069,29069,0.33
Franklin,MO,29071,29071,0.1
Gasconade,MO,29073,29073,0
Gentry,MO,29075,29075,0.02
Greene,MO,29077,29077,0.49
Grundy,MO,29079,29079,0
Harrison,MO,29081,29081,0.32
Henry,MO,29083,29083,0
Hickory,MO,29085,29085,0.01
Holt,MO,29087,29087,0.14
Howard,MO,29089,29089,0.15
Howell,MO,29091,29091,0.06
Iron,MO,29093,29093,0.19
Jackson,MO,29095,29095,0.21
Jasper,MO,29097,29097,0.16
Jefferson,MO,29099,29099,0.07
Johnson,MO,29101,29101,0.23
Knox,MO,29103,29103,0
Laclede,MO,29105,29105,0.21
Lafayette,MO,29107,29107,0.45
Lawrence,MO,29109,29109,0.19
Lewis,MO,29111,29111,0.01
Lincoln,MO,29113,29113,0.32
Linn,MO,29115,29115,0
Livingston,MO,29117,29117,7.81
McDonald,MO,29119,29119,0.11
Macon,MO,29121,29121,0
Madison,MO,29123,29123,1.21
Maries,MO,29125,29125,0
Marion,MO,29127,29127,0.42
Mercer,MO,29129,29129,0
Miller,MO,29131,29131,0.29
Mississippi,MO,29133,29133,10.18
Moniteau,MO,29135,29135,4.83
Monroe,MO,29137,29137,0.18
Montgomery,MO,29139,29139,0.26
Morgan,MO,29141,29141,0.46
New Madrid,MO,29143,29143,0
Newton,MO,29145,29145,0.17
Nodaway,MO,29147,29147,2.21
Oregon,MO,29149,29149,0.13
Osage,MO,29151,29151,0
Ozark,MO,29153,29153,0
Pemiscot,MO,29155,29155,0.52
Perry,MO,29157,29157,0.15
Pettis,MO,29159,29159,0.36
Phelps,MO,29161,29161,0.92
Pike,MO,29163,29163,7.69
Platte,MO,29165,29165,0.05
Polk,MO,29167,29167,0.12
Pulaski,MO,29169,29169,0.12
Putnam,MO,29171,29171,0
Ralls,MO,29173,29173,0
Randolph,MO,29175,29175,6.52
Ray,MO,29177,29177,0.16
Reynolds,MO,29179,29179,0.18
Ripley,MO,29181,29181,0
St. Charles,MO,29183,29183,0.03
St. Clair,MO,29185,29185,1.09
Ste. Genevieve,MO,29186,29186,2.52
St. Francois,MO,29187,29187,7.64
St. Louis,MO,29189,29189,0.19
Saline,MO,29195,29195,0.2
Schuyler,MO,29197,29197,0
Scotland,MO,29199,29199,0
Scott,MO,29201,29201,0.3
Shannon,MO,29203,29203,0.16
Shelby,MO,29205,29205,0.03
Stoddard,MO,29207,29207,0.14
Stone,MO,29209,29209,0
Sullivan,MO,29211,29211,0
Taney,MO,29213,29213,0.21
Texas,MO,29215,29215,6.15
Vernon,MO,29217,29217,0.46
Warren,MO,29219,29219,0.24
Washington,MO,29221,29221,3.94
Wayne,MO,29223,29223,0.42
Webster,MO,29225,29225,1.55
Worth,MO,29227,29227,0
Wright,MO,29229,29229,0.35
St. Louis,MO,29510,29510,0.4
Beaverhead,MT,30001,30001,0.05
Big Horn,MT,30003,30003,0.84
Blaine,MT,30005,30005,0.17
Broadwater,MT,30007,30007,0.35
Carbon,MT,30009,30009,0
Carter,MT,30011,30011,0
Cascade,MT,30013,30013,0.66
Chouteau,MT,30015,30015,0.15
Custer,MT,30017,30017,0.92
Daniels,MT,30019,30019,0
Dawson,MT,30021,30021,2.4
Deer Lodge,MT,30023,30023,2.45
Fallon,MT,30025,30025,0.03
Fergus,MT,30027,30027,0.72
Flathead,MT,30029,30029,0.09
Gallatin,MT,30031,30031,0.09
Garfield,MT,30033,30033,0
Glacier,MT,30035,30035,0.23
Golden Valley,MT,30037,30037,0
Granite,MT,30039,30039,0
Hill,MT,30041,30041,0.22
Jefferson,MT,30043,30043,0.6
Judith Basin,MT,30045,30045,0
Lake,MT,30047,30047,0.13
Lewis and Clark,MT,30049,30049,0.18
Liberty,MT,30051,30051,0
Lincoln,MT,30053,30053,0.1
McCone,MT,30055,30055,0
Madison,MT,30057,30057,0
Meagher,MT,30059,30059,0
Mineral,MT,30061,30061,0
Missoula,MT,30063,30063,0.27
Musselshell,MT,30065,30065,0.04
Park,MT,30067,30067,0.06
Petroleum,MT,30069,30069,0
Phillips,MT,30071,30071,0
Pondera,MT,30073,30073,0.1
Powder River,MT,30075,30075,0
Powell,MT,30077,30077,23.24
Prairie,MT,30079,30079,0
Ravalli,MT,30081,30081,0.07
Richland,MT,30083,30083,0
Roosevelt,MT,30085,30085,0.81
Rosebud,MT,30087,30087,0.08
Sanders,MT,30089,30089,0.15
Sheridan,MT,30091,30091,0
Silver Bow,MT,30093,30093,0.28
Stillwater,MT,30095,30095,0
Sweet Grass,MT,30097,30097,0
Teton,MT,30099,30099,0
Toole,MT,30101,30101,14.12
Treasure,MT,30103,30103,0
Valley,MT,30105,30105,0.29
Wheatland,MT,30107,30107,0.24
Wibaux,MT,30109,30109,0
Yellowstone,MT,30111,30111,0.58
Adams,NE,31001,31001,0.09
Antelope,NE,31003,31003,0.32
Arthur,NE,31005,31005,0
Banner,NE,31007,31007,0
Blaine,NE,31009,31009,0
Boone,NE,31011,31011,0.09
Box Butte,NE,31013,31013,0.17
Boyd,NE,31015,31015,0
Brown,NE,31017,31017,0.17
Buffalo,NE,31019,31019,0.43
Burt,NE,31021,31021,0
Butler,NE,31023,31023,0.17
Cass,NE,31025,31025,0.27
Cedar,NE,31027,31027,0.11
Chase,NE,31029,31029,0
Cherry,NE,31031,31031,0.15
Cheyenne,NE,31033,31033,0.12
Clay,NE,31035,31035,0.2
Colfax,NE,31037,31037,0
Cuming,NE,31039,31039,0
Custer,NE,31041,31041,0.04
Dakota,NE,31043,31043,0.37
Dawes,NE,31045,31045,0.37
Dawson,NE,31047,31047,0.33
Deuel,NE,31049,31049,0
Dixon,NE,31051,31051,0.3
Dodge,NE,31053,31053,0
Douglas,NE,31055,31055,0.36
Dundy,NE,31057,31057,0
Fillmore,NE,31059,31059,0.02
Franklin,NE,31061,31061,0
Frontier,NE,31063,31063,0.12
Furnas,NE,31065,31065,0.09
Gage,NE,31067,31067,0.08
Garden,NE,31069,31069,0
Garfield,NE,31071,31071,0
Gosper,NE,31073,31073,0
Grant,NE,31075,31075,0
Greeley,NE,31077,31077,0
Hall,NE,31079,31079,0.36
Hamilton,NE,31081,31081,0.11
Harlan,NE,31083,31083,0.23
Hayes,NE,31085,31085,0
Hitchcock,NE,31087,31087,0.27
Holt,NE,31089,31089,0.03
Hooker,NE,31091,31091,0
Howard,NE,31093,31093,0
Jefferson,NE,31095,31095,0.1
Johnson,NE,31097,31097,19.49
Kearney,NE,31099,31099,0.03
Keith,NE,31101,31101,0.29
Keya Paha,NE,31103,31103,0
Kimball,NE,31105,31105,0.26
Knox,NE,31107,31107,0.08
Lancaster,NE,31109,31109,1.08
Lincoln,NE,31111,31111,0.45
Logan,NE,31113,31113,0
Loup,NE,31115,31115,0
McPherson,NE,31117,31117,0
Madison,NE,31119,31119,0.16
Merrick,NE,31121,31121,0.12
Morrill,NE,31123,31123,0.04
Nance,NE,31125,31125,0
Nemaha,NE,31127,31127,0.18
Nuckolls,NE,31129,31129,0
Otoe,NE,31131,31131,0.13
Pawnee,NE,31133,31133,0
Perkins,NE,31135,31135,0
Phelps,NE,31137,31137,0.28
Pierce,NE,31139,31139,0.08
Platte,NE,31141,31141,0.19
Polk,NE,31143,31143,0.04
Red Willow,NE,31145,31145,1.84
Richardson,NE,31147,31147,0.2
Rock,NE,31149,31149,0
Saline,NE,31151,31151,0.45
Sarpy,NE,31153,31153,0.06
Saunders,NE,31155,31155,0.28
Scotts Bluff,NE,31157,31157,0.62
Seward,NE,31159,31159,0.15
Sheridan,NE,31161,31161,0.25
Sherman,NE,31163,31163,0
Sioux,NE,31165,31165,0
Stanton,NE,31167,31167,0
Thayer,NE,31169,31169,0
Thomas,NE,31171,31171,0
Thurston,NE,31173,31173,0.46
Valley,NE,31175,31175,0
Washington,NE,31177,31177,0.04
Wayne,NE,31179,31179,0
Webster,NE,31181,31181,0
Wheeler,NE,31183,31183,0
York,NE,31185,31185,2.15
Churchill,NV,32001,32001,0.27
Clark,NV,32003,32003,0.5
Douglas,NV,32005,32005,0.02
Elko,NV,32007,32007,0.68
Esmeralda,NV,32009,32009,0.14
Eureka,NV,32011,32011,0
Humboldt,NV,32013,32013,0.75
Lander,NV,32015,32015,0
Lincoln,NV,32017,32017,5.25
Lyon,NV,32019,32019,0.09
Mineral,NV,32021,32021,0.66
Nye,NV,32023,32023,1.85
Pershing,NV,32027,32027,25.68
Storey,NV,32029,32029,0
Washoe,NV,32031,32031,0.2
White Pine,NV,32033,32033,11.48
Carson City,NV,32510,32510,4.73
Belknap,NH,33001,33001,0.1
Carroll,NH,33003,33003,0.08
Cheshire,NH,33005,33005,0.13
Coos,NH,33007,33007,2.29
Grafton,NH,33009,33009,0.08
Hillsborough,NH,33011,33011,0.08
Merrimack,NH,33013,33013,1.64
Rockingham,NH,33015,33015,0.05
Strafford,NH,33017,33017,0.25
Sullivan,NH,33019,33019,0.1
Atlantic,NJ,34001,34001,0.14
Bergen,NJ,34003,34003,0.08
Burlington,NJ,34005,34005,1.52
Camden,NJ,34007,34007,0.11
Cape May,NJ,34009,34009,0.14
Cumberland,NJ,34011,34011,5.48
Essex,NJ,34013,34013,1.07
Gloucester,NJ,34015,34015,0
Hudson,NJ,34017,34017,0.18
Hunterdon,NJ,34019,34019,1.58
Mercer,NJ,34021,34021,0.88
Middlesex,NJ,34023,34023,0.22
Monmouth,NJ,34025,34025,0.06
Morris,NJ,34027,34027,0.01
Ocean,NJ,34029,34029,0.03
Passaic,NJ,34031,34031,0.07
Salem,NJ,34033,34033,0.14
Somerset,NJ,34035,34035,0.03
Sussex,NJ,34037,34037,0
Union,NJ,34039,34039,0.06
Warren,NJ,34041,34041,0.06
Bernalillo,NM,35001,35001,0.23
Catron,NM,35003,35003,0.03
Chaves,NM,35005,35005,1.52
Cibola,NM,35006,35006,7.23
Colfax,NM,35007,35007,3.85
Curry,NM,35009,35009,0.33
De Baca,NM,35011,35011,0.88
Doa Ana,NM,35013,35013,0.53
Eddy,NM,35015,35015,0.6
Grant,NM,35017,35017,0.32
Guadalupe,NM,35019,35019,13.14
Harding,NM,35021,35021,0
Hidalgo,NM,35023,35023,1.6
Lea,NM,35025,35025,1.92
Lincoln,NM,35027,35027,0.32
Los Alamos,NM,35028,35028,0.04
Luna,NM,35029,35029,1.13
McKinley,NM,35031,35031,0.25
Mora,NM,35033,35033,0
Otero,NM,35035,35035,2.48
Quay,NM,35037,35037,0.37
Rio Arriba,NM,35039,35039,0.1
Roosevelt,NM,35041,35041,0.3
Sandoval,NM,35043,35043,0.07
San Juan,NM,35045,35045,0.32
San Miguel,NM,35047,35047,0.27
Santa Fe,NM,35049,35049,0.84
Sierra,NM,35051,35051,0
Socorro,NM,35053,35053,0.46
Taos,NM,35055,35055,0.16
Torrance,NM,35057,35057,1.74
Union,NM,35059,35059,10.03
Valencia,NM,35061,35061,1.24
Albany,NY,36001,36001,0.1
Allegany,NY,36003,36003,0.17
Bronx,NY,36005,36005,0.26
Broome,NY,36007,36007,0.16
Cattaraugus,NY,36009,36009,0.15
Cayuga,NY,36011,36011,2.69
Chautauqua,NY,36013,36013,0.64
Chemung,NY,36015,36015,2.33
Chenango,NY,36017,36017,0.12
Clinton,NY,36019,36019,3.32
Columbia,NY,36021,36021,0.16
Cortland,NY,36023,36023,0.11
Delaware,NY,36025,36025,0.17
Dutchess,NY,36027,36027,1.48
Erie,NY,36029,36029,0.36
Essex,NY,36031,36031,2.22
Franklin,NY,36033,36033,5.95
Fulton,NY,36035,36035,0.88
Genesee,NY,36037,36037,0.7
Greene,NY,36039,36039,4.46
Hamilton,NY,36041,36041,0.08
Herkimer,NY,36043,36043,0.07
Jefferson,NY,36045,36045,1.02
Kings,NY,36047,36047,0.09
Lewis,NY,36049,36049,0.09
Livingston,NY,36051,36051,1.53
Madison,NY,36053,36053,0.12
Monroe,NY,36055,36055,0.15
Montgomery,NY,36057,36057,0.19
Nassau,NY,36059,36059,0.04
New York,NY,36061,36061,0.13
Niagara,NY,36063,36063,0.13
Oneida,NY,36065,36065,1.72
Onondaga,NY,36067,36067,0.12
Ontario,NY,36069,36069,0.09
Orange,NY,36071,36071,0.47
Orleans,NY,36073,36073,3.7
Oswego,NY,36075,36075,0.07
Otsego,NY,36077,36077,0
Putnam,NY,36079,36079,0.06
Queens,NY,36081,36081,0.02
Rensselaer,NY,36083,36083,0.18
Richmond,NY,36085,36085,0
Rockland,NY,36087,36087,0.07
St. Lawrence,NY,36089,36089,1.8
Saratoga,NY,36091,36091,0.05
Schenectady,NY,36093,36093,0.09
Schoharie,NY,36095,36095,0
Schuyler,NY,36097,36097,0.01
Seneca,NY,36099,36099,4.81
Steuben,NY,36101,36101,0.11
Suffolk,NY,36103,36103,0.04
Sullivan,NY,36105,36105,2.66
Tioga,NY,36107,36107,0.39
Tompkins,NY,36109,36109,0.05
Ulster,NY,36111,36111,1.43
Warren,NY,36113,36113,0.1
Washington,NY,36115,36115,3.58
Wayne,NY,36117,36117,0.1
Westchester,NY,36119,36119,0.26
Wyoming,NY,36121,36121,7.59
Yates,NY,36123,36123,0.25
Alamance,NC,37001,37001,0.23
Alexander,NC,37003,37003,3.5
Alleghany,NC,37005,37005,0.36
Anson,NC,37007,37007,6.32
Ashe,NC,37009,37009,0.48
Avery,NC,37011,37011,10.17
Beaufort,NC,37013,37013,0
Bertie,NC,37015,37015,7.62
Bladen,NC,37017,37017,0.38
Brunswick,NC,37019,37019,0.18
Buncombe,NC,37021,37021,0.52
Burke,NC,37023,37023,1.31
Cabarrus,NC,37025,37025,0.25
Caldwell,NC,37027,37027,0.51
Camden,NC,37029,37029,0
Carteret,NC,37031,37031,0.63
Caswell,NC,37033,37033,5.42
Catawba,NC,37035,37035,0.28
Chatham,NC,37037,37037,0.09
Cherokee,NC,37039,37039,0.41
Chowan,NC,37041,37041,0.16
Clay,NC,37043,37043,0
Cleveland,NC,37045,37045,0.26
Columbus,NC,37047,37047,4.32
Craven,NC,37049,37049,0.81
Cumberland,NC,37051,37051,0.16
Currituck,NC,37053,37053,0.08
Dare,NC,37055,37055,0.15
Davidson,NC,37057,37057,0.38
Davie,NC,37059,37059,0.12
Duplin,NC,37061,37061,0
Durham,NC,37063,37063,0.85
Edgecombe,NC,37065,37065,0.25
Forsyth,NC,37067,37067,0.24
Franklin,NC,37069,37069,1.11
Gaston,NC,37071,37071,0.3
Gates,NC,37073,37073,0
Graham,NC,37075,37075,0.29
Granville,NC,37077,37077,5.11
Greene,NC,37079,37079,15.3
Guilford,NC,37081,37081,0.16
Halifax,NC,37083,37083,2.02
Harnett,NC,37085,37085,0.72
Haywood,NC,37087,37087,0.14
Henderson,NC,37089,37089,0.13
Hertford,NC,37091,37091,5.98
Hoke,NC,37093,37093,0.27
Hyde,NC,37095,37095,11.57
Iredell,NC,37097,37097,0.17
Jackson,NC,37099,37099,0
Johnston,NC,37101,37101,0.4
Jones,NC,37103,37103,0.07
Lee,NC,37105,37105,0.66
Lenoir,NC,37107,37107,0.17
Lincoln,NC,37109,37109,0.25
McDowell,NC,37111,37111,2.12
Macon,NC,37113,37113,0.21
Madison,NC,37115,37115,0
Martin,NC,37117,37117,0
Mecklenburg,NC,37119,37119,0.14
Mitchell,NC,37121,37121,0
Montgomery,NC,37123,37123,1.5
Moore,NC,37125,37125,0
Nash,NC,37127,37127,0.81
New Hanover,NC,37129,37129,0.26
Northampton,NC,37131,37131,0.12
Onslow,NC,37133,37133,0.12
Orange,NC,37135,37135,0.21
Pamlico,NC,37137,37137,5.16
Pasquotank,NC,37139,37139,2.51
Pender,NC,37141,37141,1.23
Perquimans,NC,37143,37143,0
Person,NC,37145,37145,0.11
Pitt,NC,37147,37147,0.21
Polk,NC,37149,37149,0.27
Randolph,NC,37151,37151,0.31
Richmond,NC,37153,37153,1.67
Robeson,NC,37155,37155,0.91
Rockingham,NC,37157,37157,0.19
Rowan,NC,37159,37159,0.8
Rutherford,NC,37161,37161,0.71
Sampson,NC,37163,37163,0.99
Scotland,NC,37165,37165,7.65
Stanly,NC,37167,37167,1.51
Stokes,NC,37169,37169,0.23
Surry,NC,37171,37171,0.21
Swain,NC,37173,37173,0.79
Transylvania,NC,37175,37175,0.04
Tyrrell,NC,37177,37177,0
Union,NC,37179,37179,0.09
Vance,NC,37181,37181,0.27
Wake,NC,37183,37183,0.36
Warren,NC,37185,37185,3.51
Washington,NC,37187,37187,0.16
Watauga,NC,37189,37189,0.11
Wayne,NC,37191,37191,1.18
Wilkes,NC,37193,37193,0.63
Wilson,NC,37195,37195,0.2
Yadkin,NC,37197,37197,0.22
Yancey,NC,37199,37199,0.2
Adams,ND,38001,38001,0
Barnes,ND,38003,38003,0.01
Benson,ND,38005,38005,0.55
Billings,ND,38007,38007,0
Bottineau,ND,38009,38009,0.03
Bowman,ND,38011,38011,0
Burke,ND,38013,38013,0
Burleigh,ND,38015,38015,1.07
Cass,ND,38017,38017,0.09
Cavalier,ND,38019,38019,0
Dickey,ND,38021,38021,0
Divide,ND,38023,38023,0
Dunn,ND,38025,38025,0
Eddy,ND,38027,38027,0
Emmons,ND,38029,38029,0
Foster,ND,38031,38031,0
Golden Valley,ND,38033,38033,0
Grand Forks,ND,38035,38035,0.22
Grant,ND,38037,38037,0
Griggs,ND,38039,38039,0
Hettinger,ND,38041,38041,2.81
Kidder,ND,38043,38043,0
LaMoure,ND,38045,38045,0
Logan,ND,38047,38047,0
McHenry,ND,38049,38049,0
McIntosh,ND,38051,38051,0
McKenzie,ND,38053,38053,0.2
McLean,ND,38055,38055,0.19
Mercer,ND,38057,38057,0.13
Morton,ND,38059,38059,0.2
Mountrail,ND,38061,38061,0.09
Nelson,ND,38063,38063,0
Oliver,ND,38065,38065,0
Pembina,ND,38067,38067,0.03
Pierce,ND,38069,38069,1.95
Ramsey,ND,38071,38071,0.55
Ransom,ND,38073,38073,0
Renville,ND,38075,38075,0
Richland,ND,38077,38077,0.05
Rolette,ND,38079,38079,0.02
Sargent,ND,38081,38081,0
Sheridan,ND,38083,38083,0
Sioux,ND,38085,38085,1.44
Slope,ND,38087,38087,0
Stark,ND,38089,38089,0.12
Steele,ND,38091,38091,0
Stutsman,ND,38093,38093,2.13
Towner,ND,38095,38095,0
Traill,ND,38097,38097,0
Walsh,ND,38099,38099,0.16
Ward,ND,38101,38101,0.17
Wells,ND,38103,38103,0
Williams,ND,38105,38105,0.24
Adams,OH,39001,39001,0.07
Allen,OH,39003,39003,1.48
Ashland,OH,39005,39005,0.17
Ashtabula,OH,39007,39007,1.92
Athens,OH,39009,39009,0.2
Auglaize,OH,39011,39011,0.08
Belmont,OH,39013,39013,4.17
Brown,OH,39015,39015,0.13
Butler,OH,39017,39017,0.27
Carroll,OH,39019,39019,0.13
Champaign,OH,39021,39021,0.28
Clark,OH,39023,39023,0.14
Clermont,OH,39025,39025,0.11
Clinton,OH,39027,39027,0.12
Columbiana,OH,39029,39029,2.48
Coshocton,OH,39031,39031,0.16
Crawford,OH,39033,39033,0.15
Cuyahoga,OH,39035,39035,0.14
Darke,OH,39037,39037,0.04
Defiance,OH,39039,39039,0
Delaware,OH,39041,39041,0.06
Erie,OH,39043,39043,0.14
Fairfield,OH,39045,39045,1.15
Fayette,OH,39047,39047,0.33
Franklin,OH,39049,39049,0.16
Fulton,OH,39051,39051,0
Gallia,OH,39053,39053,0.14
Geauga,OH,39055,39055,0.12
Greene,OH,39057,39057,0.12
Guernsey,OH,39059,39059,0.18
Hamilton,OH,39061,39061,0.15
Hancock,OH,39063,39063,0
Hardin,OH,39065,39065,0
Harrison,OH,39067,39067,0
Henry,OH,39069,39069,0
Highland,OH,39071,39071,0.06
Hocking,OH,39073,39073,0
Holmes,OH,39075,39075,0.05
Huron,OH,39077,39077,0.1
Jackson,OH,39079,39079,0.11
Jefferson,OH,39081,39081,0.32
Knox,OH,39083,39083,0.14
Lake,OH,39085,39085,0.11
Lawrence,OH,39087,39087,0.08
Licking,OH,39089,39089,0.12
Logan,OH,39091,39091,0
Lorain,OH,39093,39093,1.13
Lucas,OH,39095,39095,0.3
Madison,OH,39097,39097,10.41
Mahoning,OH,39099,39099,1.14
Marion,OH,39101,39101,7.83
Medina,OH,39103,39103,0.07
Meigs,OH,39105,39105,0.02
Mercer,OH,39107,39107,0.09
Miami,OH,39109,39109,0.12
Monroe,OH,39111,39111,0
Montgomery,OH,39113,39113,0.26
Morgan,OH,39115,39115,0
Morrow,OH,39117,39117,0.24
Muskingum,OH,39119,39119,0.17
Noble,OH,39121,39121,17.56
Ottawa,OH,39123,39123,0.14
Paulding,OH,39125,39125,0
Perry,OH,39127,39127,0
Pickaway,OH,39129,39129,5.99
Pike,OH,39131,39131,0
Portage,OH,39133,39133,0.11
Preble,OH,39135,39135,0.05
Putnam,OH,39137,39137,0
Richland,OH,39139,39139,4.31
Ross,OH,39141,39141,6.09
Sandusky,OH,39143,39143,0.11
Scioto,OH,39145,39145,2.08
Seneca,OH,39147,39147,0.37
Shelby,OH,39149,39149,0.14
Stark,OH,39151,39151,0.13
Summit,OH,39153,39153,0.15
Trumbull,OH,39155,39155,0.9
Tuscarawas,OH,39157,39157,0.07
Union,OH,39159,39159,4.16
Van Wert,OH,39161,39161,0.14
Vinton,OH,39163,39163,0
Warren,OH,39165,39165,1.45
Washington,OH,39167,39167,0.12
Wayne,OH,39169,39169,0.1
Williams,OH,39171,39171,1.69
Wood,OH,39173,39173,0.12
Wyandot,OH,39175,39175,0.03
Adair,OK,40001,40001,0.17
Alfalfa,OK,40003,40003,20.21
Atoka,OK,40005,40005,10.81
Beaver,OK,40007,40007,0.18
Beckham,OK,40009,40009,9.92
Blaine,OK,40011,40011,0.06
Bryan,OK,40013,40013,0.17
Caddo,OK,40015,40015,12.66
Canadian,OK,40017,40017,0.98
Carter,OK,40019,40019,0.05
Cherokee,OK,40021,40021,0.19
Choctaw,OK,40023,40023,0.18
Cimarron,OK,40025,40025,0.35
Cleveland,OK,40027,40027,0.88
Coal,OK,40029,40029,0
Comanche,OK,40031,40031,2.48
Cotton,OK,40033,40033,0
Craig,OK,40035,40035,3.45
Creek,OK,40037,40037,0.26
Custer,OK,40039,40039,0.23
Delaware,OK,40041,40041,0.11
Dewey,OK,40043,40043,0
Ellis,OK,40045,40045,0.16
Garfield,OK,40047,40047,0.4
Garvin,OK,40049,40049,0.04
Grady,OK,40051,40051,1.24
Grant,OK,40053,40053,0.43
Greer,OK,40055,40055,15.15
Harmon,OK,40057,40057,0.36
Harper,OK,40059,40059,0.18
Haskell,OK,40061,40061,0
Hughes,OK,40063,40063,11.81
Jackson,OK,40065,40065,0.11
Jefferson,OK,40067,40067,0.51
Johnston,OK,40069,40069,0.37
Kay,OK,40071,40071,0.77
Kingfisher,OK,40073,40073,0.78
Kiowa,OK,40075,40075,0.09
Latimer,OK,40077,40077,0.23
Le Flore,OK,40079,40079,2.15
Lincoln,OK,40081,40081,0.21
Logan,OK,40083,40083,0.07
Love,OK,40085,40085,0.17
McClain,OK,40087,40087,0.17
McCurtain,OK,40089,40089,0.24
McIntosh,OK,40091,40091,0.36
Major,OK,40093,40093,0.06
Marshall,OK,40095,40095,0.42
Mayes,OK,40097,40097,0.2
Murray,OK,40099,40099,0.13
Muskogee,OK,40101,40101,3.26
Noble,OK,40103,40103,0.2
Nowata,OK,40105,40105,0.12
Okfuskee,OK,40107,40107,7.44
Oklahoma,OK,40109,40109,0.45
Okmulgee,OK,40111,40111,0.96
Osage,OK,40113,40113,2.61
Ottawa,OK,40115,40115,0.04
Pawnee,OK,40117,40117,0.31
Payne,OK,40119,40119,2.08
Pittsburg,OK,40121,40121,3.37
Pontotoc,OK,40123,40123,0.13
Pottawatomie,OK,40125,40125,1.98
Pushmataha,OK,40127,40127,0.49
Roger Mills,OK,40129,40129,0.26
Rogers,OK,40131,40131,0.23
Seminole,OK,40133,40133,0.39
Sequoyah,OK,40135,40135,0.16
Stephens,OK,40137,40137,0.35
Texas,OK,40139,40139,0.06
Tillman,OK,40141,40141,0.33
Tulsa,OK,40143,40143,0.18
Wagoner,OK,40145,40145,0.1
Washington,OK,40147,40147,0.25
Washita,OK,40149,40149,0.25
Woods,OK,40151,40151,5.26
Woodward,OK,40153,40153,5.06
Baker,OR,41001,41001,2.24
Benton,OR,41003,41003,0.03
Clackamas,OR,41005,41005,0.06
Clatsop,OR,41007,41007,0.12
Columbia,OR,41009,41009,0.26
Coos,OR,41011,41011,0.51
Crook,OR,41013,41013,0.16
Curry,OR,41015,41015,0.06
Deschutes,OR,41017,41017,0.08
Douglas,OR,41019,41019,0.15
Gilliam,OR,41021,41021,0
Grant,OR,41023,41023,0.1
Harney,OR,41025,41025,0.47
Hood River,OR,41027,41027,0
Jackson,OR,41029,41029,0.13
Jefferson,OR,41031,41031,4.07
Josephine,OR,41033,41033,0.27
Klamath,OR,41035,41035,0.12
Lake,OR,41037,41037,5.89
Lane,OR,41039,41039,0.08
Lincoln,OR,41041,41041,0.19
Linn,OR,41043,41043,0.15
Malheur,OR,41045,41045,9.26
Marion,OR,41047,41047,1.14
Morrow,OR,41049,41049,0
Multnomah,OR,41051,41051,0.18
Polk,OR,41053,41053,0.04
Sherman,OR,41055,41055,0
Tillamook,OR,41057,41057,0.82
Umatilla,OR,41059,41059,4.61
Union,OR,41061,41061,0.07
Wallowa,OR,41063,41063,0
Wasco,OR,41065,41065,0.36
Washington,OR,41067,41067,0.32
Wheeler,OR,41069,41069,0
Yamhill,OR,41071,41071,1.72
Adams,PA,42001,42001,0.24
Allegheny,PA,42003,42003,0.17
Armstrong,PA,42005,42005,0.19
Beaver,PA,42007,42007,0.05
Bedford,PA,42009,42009,0.1
Berks,PA,42011,42011,0.2
Blair,PA,42013,42013,0.22
Bradford,PA,42015,42015,0.26
Bucks,PA,42017,42017,0.12
Butler,PA,42019,42019,0.13
Cambria,PA,42021,42021,1.06
Cameron,PA,42023,42023,0
Carbon,PA,42025,42025,0.32
Centre,PA,42027,42027,2.9
Chester,PA,42029,42029,0.1
Clarion,PA,42031,42031,0.18
Clearfield,PA,42033,42033,5.96
Clinton,PA,42035,42035,0.42
Columbia,PA,42037,42037,0.24
Crawford,PA,42039,42039,1.57
Cumberland,PA,42041,42041,1.2
Dauphin,PA,42043,42043,0.51
Delaware,PA,42045,42045,0.41
Elk,PA,42047,42047,0.13
Erie,PA,42049,42049,1.06
Fayette,PA,42051,42051,1.68
Forest,PA,42053,42053,38.05
Franklin,PA,42055,42055,0
Fulton,PA,42057,42057,0
Greene,PA,42059,42059,5.06
Huntingdon,PA,42061,42061,7.57
Indiana,PA,42063,42063,1.26
Jefferson,PA,42065,42065,0.29
Juniata,PA,42067,42067,0
Lackawanna,PA,42069,42069,0.47
Lancaster,PA,42071,42071,0.13
Lawrence,PA,42073,42073,0.12
Lebanon,PA,42075,42075,0.04
Lehigh,PA,42077,42077,0.18
Luzerne,PA,42079,42079,1.08
Lycoming,PA,42081,42081,1.37
McKean,PA,42083,42083,2.2
Mercer,PA,42085,42085,1.41
Mifflin,PA,42087,42087,0.29
Monroe,PA,42089,42089,0.2
Montgomery,PA,42091,42091,0.51
Montour,PA,42093,42093,0.15
Northampton,PA,42095,42095,0.18
Northumberland,PA,42097,42097,2.7
Perry,PA,42099,42099,0.23
Philadelphia,PA,42101,42101,0.35
Pike,PA,42103,42103,0.43
Potter,PA,42105,42105,0.24
Schuylkill,PA,42107,42107,3.42
Snyder,PA,42109,42109,0.22
Somerset,PA,42111,42111,5.17
Sullivan,PA,42113,42113,0
Susquehanna,PA,42115,42115,0.12
Tioga,PA,42117,42117,0.1
Union,PA,42119,42119,8.28
Venango,PA,42121,42121,0.1
Warren,PA,42123,42123,0.31
Washington,PA,42125,42125,0.14
Wayne,PA,42127,42127,5.38
Westmoreland,PA,42129,42129,0.16
Wyoming,PA,42131,42131,0.21
York,PA,42133,42133,0.37
Bristol,RI,44001,44001,0
Kent,RI,44003,44003,0
Newport,RI,44005,44005,0
Providence,RI,44007,44007,0.47
Washington,RI,44009,44009,0
Abbeville,SC,45001,45001,0.19
Aiken,SC,45003,45003,0.23
Allendale,SC,45005,45005,11.33
Anderson,SC,45007,45007,0.04
Bamberg,SC,45009,45009,0.11
Barnwell,SC,45011,45011,1.36
Beaufort,SC,45013,45013,0
Berkeley,SC,45015,45015,0.45
Calhoun,SC,45017,45017,0
Charleston,SC,45019,45019,0.23
Cherokee,SC,45021,45021,0.39
Chester,SC,45023,45023,0.15
Chesterfield,SC,45025,45025,0.18
Clarendon,SC,45027,45027,3.32
Colleton,SC,45029,45029,0
Darlington,SC,45031,45031,0.29
Dillon,SC,45033,45033,0.34
Dorchester,SC,45035,45035,0.73
Edgefield,SC,45037,45037,7.96
Fairfield,SC,45039,45039,0.26
Florence,SC,45041,45041,0.4
Georgetown,SC,45043,45043,0.17
Greenville,SC,45045,45045,0.35
Greenwood,SC,45047,45047,0.8
Hampton,SC,45049,45049,6.48
Horry,SC,45051,45051,0.13
Jasper,SC,45053,45053,3.39
Kershaw,SC,45055,45055,0
Lancaster,SC,45057,45057,1.47
Laurens,SC,45059,45059,0.32
Lee,SC,45061,45061,7.59
Lexington,SC,45063,45063,0.05
McCormick,SC,45065,45065,9.44
Marion,SC,45067,45067,0.21
Marlboro,SC,45069,45069,9.82
Newberry,SC,45071,45071,0.18
Oconee,SC,45073,45073,0.18
Orangeburg,SC,45075,45075,0.29
Pickens,SC,45077,45077,0.2
Richland,SC,45079,45079,1.37
Saluda,SC,45081,45081,0
Spartanburg,SC,45083,45083,0.6
Sumter,SC,45085,45085,0.67
Union,SC,45087,45087,0.36
Williamsburg,SC,45089,45089,4.25
York,SC,45091,45091,0.09
Aurora,SD,46003,46003,0
Beadle,SD,46005,46005,0.13
Bennett,SD,46007,46007,0
Bon Homme,SD,46009,46009,17.62
Brookings,SD,46011,46011,0.09
Brown,SD,46013,46013,0.06
Brule,SD,46015,46015,0
Buffalo,SD,46017,46017,0
Butte,SD,46019,46019,0
Campbell,SD,46021,46021,0
Charles Mix,SD,46023,46023,0.61
Clark,SD,46025,46025,0
Clay,SD,46027,46027,0.11
Codington,SD,46029,46029,0.14
Corson,SD,46031,46031,0
Custer,SD,46033,46033,0
Davison,SD,46035,46035,0.12
Day,SD,46037,46037,0.04
Deuel,SD,46039,46039,0
Dewey,SD,46041,46041,0
Douglas,SD,46043,46043,0
Edmunds,SD,46045,46045,0
Fall River,SD,46047,46047,0.16
Faulk,SD,46049,46049,1.55
Grant,SD,46051,46051,0.09
Gregory,SD,46053,46053,0
Haakon,SD,46055,46055,0
Hamlin,SD,46057,46057,0
Hand,SD,46059,46059,0
Hanson,SD,46061,46061,0
Harding,SD,46063,46063,0
Hughes,SD,46065,46065,3.21
Hutchinson,SD,46067,46067,0
Hyde,SD,46069,46069,0
Jackson,SD,46071,46071,0
Jerauld,SD,46073,46073,0
Jones,SD,46075,46075,0
Kingsbury,SD,46077,46077,0
Lake,SD,46079,46079,0.11
Lawrence,SD,46081,46081,0.09
Lincoln,SD,46083,46083,0
Lyman,SD,46085,46085,0.83
McCook,SD,46087,46087,0
McPherson,SD,46089,46089,0
Marshall,SD,46091,46091,0.02
Meade,SD,46093,46093,0.08
Mellette,SD,46095,46095,0
Miner,SD,46097,46097,0
Minnehaha,SD,46099,46099,0.96
Moody,SD,46101,46101,0
Oglala Lakota,SD,46102,46102,1.75
Pennington,SD,46103,46103,1.27
Perkins,SD,46105,46105,0
Potter,SD,46107,46107,0
Roberts,SD,46109,46109,0.72
Sanborn,SD,46111,46111,0
Spink,SD,46115,46115,0
Stanley,SD,46117,46117,0
Sully,SD,46119,46119,0
Todd,SD,46121,46121,0.53
Tripp,SD,46123,46123,1.6
Turner,SD,46125,46125,0
Union,SD,46127,46127,0.08
Walworth,SD,46129,46129,0.38
Yankton,SD,46135,46135,3.35
Ziebach,SD,46137,46137,0
Anderson,TN,47001,47001,0.38
Bedford,TN,47003,47003,1.18
Benton,TN,47005,47005,0.6
Bledsoe,TN,47007,47007,16.64
Blount,TN,47009,47009,0.37
Bradley,TN,47011,47011,0.32
Campbell,TN,47013,47013,0.49
Cannon,TN,47015,47015,0.29
Carroll,TN,47017,47017,0.4
Carter,TN,47019,47019,0.45
Cheatham,TN,47021,47021,0.19
Chester,TN,47023,47023,0.47
Claiborne,TN,47025,47025,0.6
Clay,TN,47027,47027,0.21
Cocke,TN,47029,47029,0.26
Coffee,TN,47031,47031,0.25
Crockett,TN,47033,47033,0.4
Cumberland,TN,47035,47035,0.24
Davidson,TN,47037,47037,0.61
Decatur,TN,47039,47039,0.34
DeKalb,TN,47041,47041,0.05
Dickson,TN,47043,47043,0.54
Dyer,TN,47045,47045,0.45
Fayette,TN,47047,47047,0.31
Fentress,TN,47049,47049,0.67
Franklin,TN,47051,47051,0.37
Gibson,TN,47053,47053,0.52
Giles,TN,47055,47055,0.49
Grainger,TN,47057,47057,0.21
Greene,TN,47059,47059,0.39
Grundy,TN,47061,47061,0.53
Hamblen,TN,47063,47063,0.09
Hamilton,TN,47065,47065,0.26
Hancock,TN,47067,47067,1.43
Hardeman,TN,47069,47069,13.46
Hardin,TN,47071,47071,0
Hawkins,TN,47073,47073,0.36
Haywood,TN,47075,47075,0.55
Henderson,TN,47077,47077,0.63
Henry,TN,47079,47079,0.17
Hickman,TN,47081,47081,4.96
Houston,TN,47083,47083,0.4
Humphreys,TN,47085,47085,0.41
Jackson,TN,47087,47087,0.8
Jefferson,TN,47089,47089,0.37
Johnson,TN,47091,47091,9.35
Knox,TN,47093,47093,0.23
Lake,TN,47095,47095,29.44
Lauderdale,TN,47097,47097,7.63
Lawrence,TN,47099,47099,0.5
Lewis,TN,47101,47101,0.31
Lincoln,TN,47103,47103,0.3
Loudon,TN,47105,47105,0.13
McMinn,TN,47107,47107,0.39
McNairy,TN,47109,47109,0.27
Macon,TN,47111,47111,0.72
Madison,TN,47113,47113,1.54
Marion,TN,47115,47115,0.16
Marshall,TN,47117,47117,0.38
Maury,TN,47119,47119,0.3
Meigs,TN,47121,47121,0.55
Monroe,TN,47123,47123,0.37
Montgomery,TN,47125,47125,0.49
Moore,TN,47127,47127,0.12
Morgan,TN,47129,47129,9.95
Obion,TN,47131,47131,0.33
Overton,TN,47133,47133,0.48
Perry,TN,47135,47135,0.6
Pickett,TN,47137,47137,0
Polk,TN,47139,47139,0.8
Putnam,TN,47141,47141,0.32
Rhea,TN,47143,47143,0
Roane,TN,47145,47145,0
Robertson,TN,47147,47147,0.66
Rutherford,TN,47149,47149,0.23
Scott,TN,47151,47151,0.59
Sequatchie,TN,47153,47153,1.4
Sevier,TN,47155,47155,0.18
Shelby,TN,47157,47157,0.58
Smith,TN,47159,47159,0.43
Stewart,TN,47161,47161,1.22
Sullivan,TN,47163,47163,0.4
Sumner,TN,47165,47165,0.29
Tipton,TN,47167,47167,1.09
Trousdale,TN,47169,47169,21.57
Unicoi,TN,47171,47171,0.52
Union,TN,47173,47173,0.28
Van Buren,TN,47175,47175,0
Warren,TN,47177,47177,0.32
Washington,TN,47179,47179,0.4
Wayne,TN,47181,47181,12.56
Weakley,TN,47183,47183,0.27
White,TN,47185,47185,0.49
Williamson,TN,47187,47187,0.08
Wilson,TN,47189,47189,0.26
Anderson,TX,48001,48001,23.04
Andrews,TX,48003,48003,0
Angelina,TX,48005,48005,1.28
Aransas,TX,48007,48007,0.83
Archer,TX,48009,48009,0.3
Armstrong,TX,48011,48011,0.16
Atascosa,TX,48013,48013,0
Austin,TX,48015,48015,0.13
Bailey,TX,48017,48017,1.13
Bandera,TX,48019,48019,0.3
Bastrop,TX,48021,48021,1.69
Baylor,TX,48023,48023,0
Bee,TX,48025,48025,23.33
Bell,TX,48027,48027,0.26
Bexar,TX,48029,48029,0.29
Blanco,TX,48031,48031,0.14
Borden,TX,48033,48033,0
Bosque,TX,48035,48035,0.09
Bowie,TX,48037,48037,5.1
Brazoria,TX,48039,48039,2.37
Brazos,TX,48041,48041,1.03
Brewster,TX,48043,48043,0.26
Briscoe,TX,48045,48045,0
Brooks,TX,48047,48047,5.82
Brown,TX,48049,48049,1.5
Burleson,TX,48051,48051,0.19
Burnet,TX,48053,48053,1.38
Caldwell,TX,48055,48055,2.55
Calhoun,TX,48057,48057,0.3
Callahan,TX,48059,48059,0.09
Cameron,TX,48061,48061,0.48
Camp,TX,48063,48063,0
Carson,TX,48065,48065,0.31
Cass,TX,48067,48067,0.18
Castro,TX,48069,48069,0.41
Chambers,TX,48071,48071,0.2
Cherokee,TX,48073,48073,3.08
Childress,TX,48075,48075,17.89
Clay,TX,48077,48077,0.16
Cochran,TX,48079,48079,0.55
Coke,TX,48081,48081,0
Coleman,TX,48083,48083,0
Collin,TX,48085,48085,0.08
Collingsworth,TX,48087,48087,0.53
Colorado,TX,48089,48089,0.68
Comal,TX,48091,48091,0.14
Comanche,TX,48093,48093,0.31
Concho,TX,48095,48095,30.64
Cooke,TX,48097,48097,0.33
Coryell,TX,48099,48099,9.13
Cottle,TX,48101,48101,0
Crane,TX,48103,48103,0.3
Crockett,TX,48105,48105,0.39
Crosby,TX,48107,48107,0.27
Culberson,TX,48109,48109,0.41
Dallam,TX,48111,48111,0.32
Dallas,TX,48113,48113,0.34
Dawson,TX,48115,48115,12.23
Deaf Smith,TX,48117,48117,0.34
Delta,TX,48119,48119,0
Denton,TX,48121,48121,0.06
DeWitt,TX,48123,48123,6.38
Dickens,TX,48125,48125,0.11
Dimmit,TX,48127,48127,1.49
Donley,TX,48129,48129,0.15
Duval,TX,48131,48131,5.98
Eastland,TX,48133,48133,0.19
Ector,TX,48135,48135,0.47
Edwards,TX,48137,48137,1.13
Ellis,TX,48139,48139,0.14
El Paso,TX,48141,48141,0.59
Erath,TX,48143,48143,0.14
Falls,TX,48145,48145,11.55
Fannin,TX,48147,48147,7.1
Fayette,TX,48149,48149,0.05
Fisher,TX,48151,48151,0
Floyd,TX,48153,48153,0
Foard,TX,48155,48155,0
Fort Bend,TX,48157,48157,0.36
Franklin,TX,48159,48159,0.46
Freestone,TX,48161,48161,6.84
Frio,TX,48163,48163,15.36
Gaines,TX,48165,48165,0.19
Galveston,TX,48167,48167,0.7
Garza,TX,48169,48169,29.76
Gillespie,TX,48171,48171,0.17
Glasscock,TX,48173,48173,0
Goliad,TX,48175,48175,0.2
Gonzales,TX,48177,48177,0.4
Gray,TX,48179,48179,6.54
Grayson,TX,48181,48181,0.24
Gregg,TX,48183,48183,0.44
Grimes,TX,48185,48185,8.59
Guadalupe,TX,48187,48187,0.21
Hale,TX,48189,48189,4.81
Hall,TX,48191,48191,0.18
Hamilton,TX,48193,48193,0
Hansford,TX,48195,48195,0.21
Hardeman,TX,48197,48197,0.17
Hardin,TX,48199,48199,0.01
Harris,TX,48201,48201,0.26
Harrison,TX,48203,48203,0.31
Hartley,TX,48205,48205,14.33
Haskell,TX,48207,48207,8.55
Hays,TX,48209,48209,0.32
Hemphill,TX,48211,48211,0.38
Henderson,TX,48213,48213,0.41
Hidalgo,TX,48215,48215,0.52
Hill,TX,48217,48217,0.31
Hockley,TX,48219,48219,0.18
Hood,TX,48221,48221,0.26
Hopkins,TX,48223,48223,0.36
Houston,TX,48225,48225,11.33
Howard,TX,48227,48227,12.88
Hudspeth,TX,48229,48229,31.11
Hunt,TX,48231,48231,0.19
Hutchinson,TX,48233,48233,0.22
Irion,TX,48235,48235,0
Jack,TX,48237,48237,12.3
Jackson,TX,48239,48239,0.3
Jasper,TX,48241,48241,1.78
Jeff Davis,TX,48243,48243,0
Jefferson,TX,48245,48245,4.43
Jim Hogg,TX,48247,48247,0.7
Jim Wells,TX,48249,48249,0.15
Johnson,TX,48251,48251,1.26
Jones,TX,48253,48253,25.8
Karnes,TX,48255,48255,19.91
Kaufman,TX,48257,48257,0.29
Kendall,TX,48259,48259,0.27
Kenedy,TX,48261,48261,0
Kent,TX,48263,48263,0
Kerr,TX,48265,48265,0.38
Kimble,TX,48267,48267,0.21
King,TX,48269,48269,0
Kinney,TX,48271,48271,12.43
Kleberg,TX,48273,48273,0
Knox,TX,48275,48275,0.09
Lamar,TX,48277,48277,0.24
Lamb,TX,48279,48279,0.24
Lampasas,TX,48281,48281,0.2
La Salle,TX,48283,48283,20.08
Lavaca,TX,48285,48285,0.11
Lee,TX,48287,48287,0.13
Leon,TX,48289,48289,0.25
Liberty,TX,48291,48291,4.99
Limestone,TX,48293,48293,2.76
Lipscomb,TX,48295,48295,0.29
Live Oak,TX,48297,48297,11.91
Llano,TX,48299,48299,0
Loving,TX,48301,48301,0
Lubbock,TX,48303,48303,0.64
Lynn,TX,48305,48305,0.63
McCulloch,TX,48307,48307,0.3
McLennan,TX,48309,48309,0.44
McMullen,TX,48311,48311,0
Madison,TX,48313,48313,17.14
Marion,TX,48315,48315,0.16
Martin,TX,48317,48317,0.1
Mason,TX,48319,48319,0.18
Matagorda,TX,48321,48321,0.14
Maverick,TX,48323,48323,0.55
Medina,TX,48325,48325,3.56
Menard,TX,48327,48327,0.31
Midland,TX,48329,48329,0.19
Milam,TX,48331,48331,0.47
Mills,TX,48333,48333,0.7
Mitchell,TX,48335,48335,23.5
Montague,TX,48337,48337,0.21
Montgomery,TX,48339,48339,0.4
Moore,TX,48341,48341,0.2
Morris,TX,48343,48343,0.17
Motley,TX,48345,48345,0
Nacogdoches,TX,48347,48347,0.34
Navarro,TX,48349,48349,0.37
Newton,TX,48351,48351,0.12
Nolan,TX,48353,48353,0.56
Nueces,TX,48355,48355,0.54
Ochiltree,TX,48357,48357,0.1
Oldham,TX,48359,48359,0.97
Orange,TX,48361,48361,0.15
Palo Pinto,TX,48363,48363,0.28
Panola,TX,48365,48365,0.19
Parker,TX,48367,48367,0.18
Parmer,TX,48369,48369,0.2
Pecos,TX,48371,48371,11.41
Polk,TX,48373,48373,7.03
Potter,TX,48375,48375,4.75
Presidio,TX,48377,48377,0.7
Rains,TX,48379,48379,0.23
Randall,TX,48381,48381,0.28
Reagan,TX,48383,48383,0
Real,TX,48385,48385,0
Red River,TX,48387,48387,0.34
Reeves,TX,48389,48389,20.21
Refugio,TX,48391,48391,0.39
Roberts,TX,48393,48393,0
Robertson,TX,48395,48395,0.16
Rockwall,TX,48397,48397,0.19
Runnels,TX,48399,48399,0.33
Rusk,TX,48401,48401,8.85
Sabine,TX,48403,48403,0
San Augustine,TX,48405,48405,0
San Jacinto,TX,48407,48407,0.3
San Patricio,TX,48409,48409,0.32
San Saba,TX,48411,48411,9.91
Schleicher,TX,48413,48413,0
Scurry,TX,48415,48415,6.06
Shackelford,TX,48417,48417,0.1
Shelby,TX,48419,48419,0
Sherman,TX,48421,48421,0.22
Smith,TX,48423,48423,0.41
Somervell,TX,48425,48425,0
Starr,TX,48427,48427,0.2
Stephens,TX,48429,48429,6.55
Sterling,TX,48431,48431,0
Stonewall,TX,48433,48433,0.48
Sutton,TX,48435,48435,0.18
Swisher,TX,48437,48437,8.33
Tarrant,TX,48439,48439,0.36
Taylor,TX,48441,48441,0.45
Terrell,TX,48443,48443,0
Terry,TX,48445,48445,5.05
Throckmorton,TX,48447,48447,0
Titus,TX,48449,48449,0.02
Tom Green,TX,48451,48451,0.38
Travis,TX,48453,48453,0.24
Trinity,TX,48455,48455,0.1
Tyler,TX,48457,48457,9.56
Upshur,TX,48459,48459,0.29
Upton,TX,48461,48461,1.27
Uvalde,TX,48463,48463,1.04
Val Verde,TX,48465,48465,2.57
Van Zandt,TX,48467,48467,0.25
Victoria,TX,48469,48469,0.29
Walker,TX,48471,48471,19.48
Waller,TX,48473,48473,0.09
Ward,TX,48475,48475,0.55
Washington,TX,48477,48477,0.2
Webb,TX,48479,48479,0.67
Wharton,TX,48481,48481,0.12
Wheeler,TX,48483,48483,0.48
Wichita,TX,48485,48485,3.13
Wilbarger,TX,48487,48487,0.12
Willacy,TX,48489,48489,12.19
Williamson,TX,48491,48491,0.1
Wilson,TX,48493,48493,0.1
Winkler,TX,48495,48495,1.26
Wise,TX,48497,48497,0.74
Wood,TX,48499,48499,1.52
Yoakum,TX,48501,48501,0
Young,TX,48503,48503,0.13
Zapata,TX,48505,48505,0.53
Zavala,TX,48507,48507,0.3
Beaver,UT,49001,49001,4.86
Box Elder,UT,49003,49003,0.15
Cache,UT,49005,49005,0.15
Carbon,UT,49007,49007,0.28
Daggett,UT,49009,49009,0
Davis,UT,49011,49011,0.09
Duchesne,UT,49013,49013,0.46
Emery,UT,49015,49015,0
Garfield,UT,49017,49017,1.18
Grand,UT,49019,49019,0.35
Iron,UT,49021,49021,0.21
Juab,UT,49023,49023,0.28
Kane,UT,49025,49025,2.13
Millard,UT,49027,49027,0.4
Morgan,UT,49029,49029,0
Piute,UT,49031,49031,0
Rich,UT,49033,49033,0.16
Salt Lake,UT,49035,49035,0.43
San Juan,UT,49037,49037,0.5
Sanpete,UT,49039,49039,6.11
Sevier,UT,49041,49041,0.42
Summit,UT,49043,49043,0.07
Tooele,UT,49045,49045,0.27
Uintah,UT,49047,49047,0.03
Utah,UT,49049,49049,0.07
Wasatch,UT,49051,49051,0.2
Washington,UT,49053,49053,0.23
Wayne,UT,49055,49055,0
Weber,UT,49057,49057,0.34
Addison,VT,50001,50001,0
Bennington,VT,50003,50003,0
Caledonia,VT,50005,50005,0.4
Chittenden,VT,50007,50007,0.06
Essex,VT,50009,50009,0
Franklin,VT,50011,50011,0.4
Grand Isle,VT,50013,50013,0
Lamoille,VT,50015,50015,0
Orange,VT,50017,50017,0
Orleans,VT,50019,50019,1.31
Rutland,VT,50021,50021,0.2
Washington,VT,50023,50023,0.02
Windham,VT,50025,50025,0
Windsor,VT,50027,50027,0.54
Accomack,VA,51001,51001,0.37
Albemarle,VA,51003,51003,0.28
Alleghany,VA,51005,51005,0
Amelia,VA,51007,51007,0
Amherst,VA,51009,51009,0
Appomattox,VA,51011,51011,0
Arlington,VA,51013,51013,0.1
Augusta,VA,51015,51015,3.06
Bath,VA,51017,51017,0
Bedford,VA,51019,51019,0.1
Bland,VA,51021,51021,9.94
Botetourt,VA,51023,51023,0.32
Brunswick,VA,51025,51025,12.21
Buchanan,VA,51027,51027,4.66
Buckingham,VA,51029,51029,12.1
Campbell,VA,51031,51031,0.5
Caroline,VA,51033,51033,1.34
Carroll,VA,51035,51035,0
Charles City,VA,51036,51036,0
Charlotte,VA,51037,51037,0.64
Chesterfield,VA,51041,51041,0.14
Clarke,VA,51043,51043,0
Craig,VA,51045,51045,0
Culpeper,VA,51047,51047,1.95
Cumberland,VA,51049,51049,0
Dickenson,VA,51051,51051,2.22
Dinwiddie,VA,51053,51053,0
Essex,VA,51057,51057,0
Fairfax,VA,51059,51059,0.06
Fauquier,VA,51061,51061,0.05
Floyd,VA,51063,51063,0
Fluvanna,VA,51065,51065,3.92
Franklin,VA,51067,51067,0
Frederick,VA,51069,51069,0.52
Giles,VA,51071,51071,0
Gloucester,VA,51073,51073,0.07
Goochland,VA,51075,51075,3.03
Grayson,VA,51077,51077,5.95
Greene,VA,51079,51079,0
Greensville,VA,51081,51081,28.73
Halifax,VA,51083,51083,0.69
Hanover,VA,51085,51085,0.3
Henrico,VA,51087,51087,0.2
Henry,VA,51089,51089,0.56
Highland,VA,51091,51091,0
Isle of Wight,VA,51093,51093,0
James City,VA,51095,51095,0.47
King and Queen,VA,51097,51097,0
King George,VA,51099,51099,0
King William,VA,51101,51101,0
Lancaster,VA,51103,51103,0.16
Lee,VA,51105,51105,6.1
Loudoun,VA,51107,51107,0
Louisa,VA,51109,51109,0
Lunenburg,VA,51111,51111,7.98
Madison,VA,51113,51113,0
Mathews,VA,51115,51115,0
Mecklenburg,VA,51117,51117,1.42
Middlesex,VA,51119,51119,1.52
Montgomery,VA,51121,51121,0.07
Nelson,VA,51125,51125,0
New Kent,VA,51127,51127,2.29
Northampton,VA,51131,51131,0.47
Northumberland,VA,51133,51133,0
Nottoway,VA,51135,51135,10.09
Orange,VA,51137,51137,0.27
Page,VA,51139,51139,0.24
Patrick,VA,51141,51141,0.72
Pittsylvania,VA,51143,51143,1.78
Powhatan,VA,51145,51145,3.32
Prince Edward,VA,51147,51147,4.72
Prince George,VA,51149,51149,9.1
Prince William,VA,51153,51153,0.11
Pulaski,VA,51155,51155,2.54
Rappahannock,VA,51157,51157,0
Richmond,VA,51159,51159,15.67
Roanoke,VA,51161,51161,0.91
Rockbridge,VA,51163,51163,0.43
Rockingham,VA,51165,51165,0.08
Russell,VA,51167,51167,0.24
Scott,VA,51169,51169,2.68
Shenandoah,VA,51171,51171,0
Smyth,VA,51173,51173,0.85
Southampton,VA,51175,51175,7.55
Spotsylvania,VA,51177,51177,0
Stafford,VA,51179,51179,0.82
Surry,VA,51181,51181,0.08
Sussex,VA,51183,51183,18.79
Tazewell,VA,51185,51185,2.89
Warren,VA,51187,51187,1.03
Washington,VA,51191,51191,1.57
Westmoreland,VA,51193,51193,0
Wise,VA,51195,51195,5.38
Wythe,VA,51197,51197,0
York,VA,51199,51199,0
Alexandria,VA,51510,51510,0.13
Bristol,VA,51520,51520,0.8
Buena Vista,VA,51530,51530,0
Charlottesville,VA,51540,51540,0
Chesapeake,VA,51550,51550,1.24
Colonial Heights,VA,51570,51570,0
Covington,VA,51580,51580,1.13
Danville,VA,51590,51590,0.72
Emporia,VA,51595,51595,0
Fairfax,VA,51600,51600,0
Falls Church,VA,51610,51610,0
Franklin,VA,51620,51620,0
Fredericksburg,VA,51630,51630,0
Galax,VA,51640,51640,0
Hampton,VA,51650,51650,0.18
Harrisonburg,VA,51660,51660,0.28
Hopewell,VA,51670,51670,0
Lexington,VA,51678,51678,0
Lynchburg,VA,51680,51680,0.04
Manassas,VA,51683,51683,0
Manassas Park,VA,51685,51685,0
Martinsville,VA,51690,51690,1.02
Newport News,VA,51700,51700,0.25
Norfolk,VA,51710,51710,0.37
Norton,VA,51720,51720,0
Petersburg,VA,51730,51730,0
Poquoson,VA,51735,51735,0
Portsmouth,VA,51740,51740,1.14
Radford,VA,51750,51750,0
Richmond,VA,51760,51760,0.34
Roanoke,VA,51770,51770,0.42
Salem,VA,51775,51775,0.52
Staunton,VA,51790,51790,0
Suffolk,VA,51800,51800,0.95
Virginia Beach,VA,51810,51810,0.26
Waynesboro,VA,51820,51820,0
Williamsburg,VA,51830,51830,0
Winchester,VA,51840,51840,0
Adams,WA,53001,53001,0.14
Asotin,WA,53003,53003,0.11
Benton,WA,53005,53005,0.16
Chelan,WA,53007,53007,0.31
Clallam,WA,53009,53009,1.13
Clark,WA,53011,53011,0.15
Columbia,WA,53013,53013,0
Cowlitz,WA,53015,53015,0.17
Douglas,WA,53017,53017,0
Ferry,WA,53019,53019,0.32
Franklin,WA,53021,53021,2.62
Garfield,WA,53023,53023,0.31
Grant,WA,53025,53025,0.15
Grays Harbor,WA,53027,53027,2.76
Island,WA,53029,53029,0.07
Jefferson,WA,53031,53031,1.14
King,WA,53033,53033,0.12
Kitsap,WA,53035,53035,0.08
Kittitas,WA,53037,53037,0.14
Klickitat,WA,53039,53039,0.13
Lewis,WA,53041,53041,0.07
Lincoln,WA,53043,53043,0.06
Mason,WA,53045,53045,3.07
Okanogan,WA,53047,53047,0.27
Pacific,WA,53049,53049,0.22
Pend Oreille,WA,53051,53051,0.1
Pierce,WA,53053,53053,0.37
San Juan,WA,53055,53055,0.03
Skagit,WA,53057,53057,0.09
Skamania,WA,53059,53059,0.12
Snohomish,WA,53061,53061,0.35
Spokane,WA,53063,53063,0.53
Stevens,WA,53065,53065,0.02
Thurston,WA,53067,53067,0.29
Wahkiakum,WA,53069,53069,0.16
Walla Walla,WA,53071,53071,3.81
Whatcom,WA,53073,53073,0.1
Whitman,WA,53075,53075,0.06
Yakima,WA,53077,53077,0.32
Barbour,WV,54001,54001,0
Berkeley,WV,54003,54003,0.42
Boone,WV,54005,54005,0
Braxton,WV,54007,54007,2.97
Brooke,WV,54009,54009,0
Cabell,WV,54011,54011,0.66
Calhoun,WV,54013,54013,0
Clay,WV,54015,54015,0
Doddridge,WV,54017,54017,14.43
Fayette,WV,54019,54019,2.61
Gilmer,WV,54021,54021,19.44
Grant,WV,54023,54023,0
Greenbrier,WV,54025,54025,0
Hampshire,WV,54027,54027,1.09
Hancock,WV,54029,54029,0
Hardy,WV,54031,54031,0
Harrison,WV,54033,54033,0
Jackson,WV,54035,54035,0
Jefferson,WV,54037,54037,0
Kanawha,WV,54039,54039,0.3
Lewis,WV,54041,54041,0
Lincoln,WV,54043,54043,0
Logan,WV,54045,54045,1.38
McDowell,WV,54047,54047,9.84
Marion,WV,54049,54049,0
Marshall,WV,54051,54051,1.9
Mason,WV,54053,54053,2.21
Mercer,WV,54055,54055,0
Mineral,WV,54057,54057,0
Mingo,WV,54059,54059,0
Monongalia,WV,54061,54061,0.64
Monroe,WV,54063,54063,0
Morgan,WV,54065,54065,0
Nicholas,WV,54067,54067,0
Ohio,WV,54069,54069,0.17
Pendleton,WV,54071,54071,0
Pleasants,WV,54073,54073,8.86
Pocahontas,WV,54075,54075,2.8
Preston,WV,54077,54077,9.23
Putnam,WV,54079,54079,0
Raleigh,WV,54081,54081,3.08
Randolph,WV,54083,54083,5.86
Ritchie,WV,54085,54085,0
Roane,WV,54087,54087,0
Summers,WV,54089,54089,7.01
Taylor,WV,54091,54091,2.11
Tucker,WV,54093,54093,0
Tyler,WV,54095,54095,0
Upshur,WV,54097,54097,0
Wayne,WV,54099,54099,0
Webster,WV,54101,54101,0
Wetzel,WV,54103,54103,0
Wirt,WV,54105,54105,0
Wood,WV,54107,54107,0.4
Wyoming,WV,54109,54109,0
Adams,WI,55001,55001,5.14
Ashland,WI,55003,55003,0.27
Barron,WI,55005,55005,0.19
Bayfield,WI,55007,55007,0.34
Brown,WI,55009,55009,0.69
Buffalo,WI,55011,55011,0.14
Burnett,WI,55013,55013,0.19
Calumet,WI,55015,55015,0.03
Chippewa,WI,55017,55017,3.03
Clark,WI,55019,55019,0.08
Columbia,WI,55021,55021,1.52
Crawford,WI,55023,55023,3.19
Dane,WI,55025,55025,0.27
Dodge,WI,55027,55027,5.22
Door,WI,55029,55029,0.12
Douglas,WI,55031,55031,0.45
Dunn,WI,55033,55033,0.16
Eau Claire,WI,55035,55035,0.14
Florence,WI,55037,55037,0.11
Fond du Lac,WI,55039,55039,1.06
Forest,WI,55041,55041,0.47
Grant,WI,55043,55043,0.99
Green,WI,55045,55045,0.05
Green Lake,WI,55047,55047,0.37
Iowa,WI,55049,55049,0.06
Iron,WI,55051,55051,0.08
Jackson,WI,55053,55053,5.3
Jefferson,WI,55055,55055,0.12
Juneau,WI,55057,55057,5.24
Kenosha,WI,55059,55059,0.35
Kewaunee,WI,55061,55061,0.08
La Crosse,WI,55063,55063,0.05
Lafayette,WI,55065,55065,0.1
Langlade,WI,55067,55067,0.36
Lincoln,WI,55069,55069,0.24
Manitowoc,WI,55071,55071,0.22
Marathon,WI,55073,55073,0.19
Marinette,WI,55075,55075,0.27
Marquette,WI,55077,55077,0.17
Menominee,WI,55078,55078,0
Milwaukee,WI,55079,55079,0.3
Monroe,WI,55081,55081,0.12
Oconto,WI,55083,55083,0.2
Oneida,WI,55085,55085,0.69
Outagamie,WI,55087,55087,0.23
Ozaukee,WI,55089,55089,0.2
Pepin,WI,55091,55091,0.14
Pierce,WI,55093,55093,0.08
Polk,WI,55095,55095,0.13
Portage,WI,55097,55097,0.06
Price,WI,55099,55099,0.04
Racine,WI,55101,55101,1.15
Richland,WI,55103,55103,0.17
Rock,WI,55105,55105,0.14
Rusk,WI,55107,55107,0.23
St. Croix,WI,55109,55109,0.2
Sauk,WI,55111,55111,0.19
Sawyer,WI,55113,55113,0.85
Shawano,WI,55115,55115,0.37
Sheboygan,WI,55117,55117,1.21
Taylor,WI,55119,55119,0.19
Trempealeau,WI,55121,55121,0.04
Vernon,WI,55123,55123,0.2
Vilas,WI,55125,55125,0.28
Walworth,WI,55127,55127,0.13
Washburn,WI,55129,55129,0.02
Washington,WI,55131,55131,0.09
Waukesha,WI,55133,55133,0.09
Waupaca,WI,55135,55135,0.4
Waushara,WI,55137,55137,4.38
Winnebago,WI,55139,55139,1.77
Wood,WI,55141,55141,0.08
Albany,WY,56001,56001,0.14
Big Horn,WY,56003,56003,0.87
Campbell,WY,56005,56005,0.47
Carbon,WY,56007,56007,3.7
Converse,WY,56009,56009,0.23
Crook,WY,56011,56011,0
Fremont,WY,56013,56013,0.86
Goshen,WY,56015,56015,4.81
Hot Springs,WY,56017,56017,0.24
Johnson,WY,56019,56019,0.22
Laramie,WY,56021,56021,0.26
Lincoln,WY,56023,56023,0
Natrona,WY,56025,56025,0.34
Niobrara,WY,56027,56027,11.23
Park,WY,56029,56029,0
Platte,WY,56031,56031,0.51
Sheridan,WY,56033,56033,0
Sublette,WY,56035,56035,0
Sweetwater,WY,56037,56037,0.18
Teton,WY,56039,56039,0
Uinta,WY,56041,56041,0.33
Washakie,WY,56043,56043,0
Weston,WY,56045,56045,6.46